part_serial_number,lot_number,supplier_id,part_disposition,feature_id,feature_name,gdandt_type,criticality,nominal_x,nominal_y,measured_x,measured_y,measured_value,nominal_value,tolerance,lower_limit,upper_limit,deviation,margin,margin_pct,result,datum_reference,inspector,inspection_date
MMB-0001,LOT-201,SUP-003,FAIL,HOLE_1_POSITION,Hole 1 True Position,position,High,20.0,20.0,19.9725,20.0258,0.0754,,0.2,,,0.07542,0.12458,62.3,PASS,A|B|C,QE-Nguyen,2024-02-15
MMB-0001,LOT-201,SUP-003,FAIL,HOLE_2_POSITION,Hole 2 True Position,position,High,80.0,20.0,80.0237,20.0684,0.1448,,0.2,,,0.14478,0.05522,27.6,PASS,A|B|C,QE-Nguyen,2024-02-15
MMB-0001,LOT-201,SUP-003,FAIL,HOLE_3_POSITION,Hole 3 True Position,position,High,20.0,60.0,19.9633,59.995,0.074,,0.2,,,0.07408,0.12592,63.0,PASS,A|B|C,QE-Nguyen,2024-02-15
MMB-0001,LOT-201,SUP-003,FAIL,HOLE_4_POSITION,Hole 4 True Position,position,High,80.0,60.0,79.8793,59.9704,0.2485,,0.2,,,0.24855,-0.04855,-24.3,FAIL,A|B|C,QE-Nguyen,2024-02-15
MMB-0001,LOT-201,SUP-003,FAIL,MOUNTING_FACE_FLATNESS,Mounting Face Flatness,flatness,High,,,,,0.0309,0.0,0.05,,,0.0309,0.0191,38.2,PASS,A,QE-Nguyen,2024-02-15
MMB-0001,LOT-201,SUP-003,FAIL,OPP_FACE_PARALLELISM,Opposite Face Parallelism to Datum A,parallelism,High,,,,,0.0271,0.0,0.1,,,0.0271,0.0729,72.9,PASS,A,QE-Nguyen,2024-02-15
MMB-0001,LOT-201,SUP-003,FAIL,MOTOR_BORE_PERP,Motor Bore Perpendicularity to Datum A,perpendicularity,High,,,,,0.0732,0.0,0.15,,,0.0732,0.0768,51.2,PASS,A,QE-Nguyen,2024-02-15
MMB-0001,LOT-201,SUP-003,FAIL,OUTER_PROFILE,Profile of Outer Bracket Surface,profile,Medium,,,,,0.1088,0.0,0.3,,,0.1088,0.1912,63.7,PASS,A|B|C,QE-Nguyen,2024-02-15
MMB-0001,LOT-201,SUP-003,FAIL,HOLE_DIAMETER,Bolt Hole Diameter,diameter,High,,,,,5.0004,5.0,0.05,4.95,5.05,0.0004,0.0496,99.2,PASS,,QE-Nguyen,2024-02-15
MMB-0001,LOT-201,SUP-003,FAIL,SLOT_WIDTH,Alignment Slot Width,width,Medium,,,,,7.9972,8.0,0.1,7.9,8.1,0.0028,0.0972,97.2,PASS,,QE-Nguyen,2024-02-15
MMB-0001,LOT-201,SUP-003,FAIL,BRACKET_THICKNESS,Bracket Thickness,thickness,Medium,,,,,5.9917,6.0,0.1,5.9,6.1,0.0083,0.0917,91.7,PASS,,QE-Nguyen,2024-02-15
MMB-0002,LOT-201,SUP-003,FAIL,HOLE_1_POSITION,Hole 1 True Position,position,High,20.0,20.0,19.9941,20.0111,0.0251,,0.2,,,0.02514,0.17486,87.4,PASS,A|B|C,QE-Nguyen,2024-02-15
MMB-0002,LOT-201,SUP-003,FAIL,HOLE_2_POSITION,Hole 2 True Position,position,High,80.0,20.0,79.9616,20.0071,0.0781,,0.2,,,0.0781,0.1219,61.0,PASS,A|B|C,QE-Nguyen,2024-02-15
MMB-0002,LOT-201,SUP-003,FAIL,HOLE_3_POSITION,Hole 3 True Position,position,High,20.0,60.0,19.9986,60.0454,0.0908,,0.2,,,0.09084,0.10916,54.6,PASS,A|B|C,QE-Nguyen,2024-02-15
MMB-0002,LOT-201,SUP-003,FAIL,HOLE_4_POSITION,Hole 4 True Position,position,High,80.0,60.0,79.9937,59.9685,0.0643,,0.2,,,0.06425,0.13575,67.9,PASS,A|B|C,QE-Nguyen,2024-02-15
MMB-0002,LOT-201,SUP-003,FAIL,MOUNTING_FACE_FLATNESS,Mounting Face Flatness,flatness,High,,,,,0.0537,0.0,0.05,,,0.0537,-0.0037,-7.4,FAIL,A,QE-Nguyen,2024-02-15
MMB-0002,LOT-201,SUP-003,FAIL,OPP_FACE_PARALLELISM,Opposite Face Parallelism to Datum A,parallelism,High,,,,,0.0058,0.0,0.1,,,0.0058,0.0942,94.2,PASS,A,QE-Nguyen,2024-02-15
MMB-0002,LOT-201,SUP-003,FAIL,MOTOR_BORE_PERP,Motor Bore Perpendicularity to Datum A,perpendicularity,High,,,,,0.1148,0.0,0.15,,,0.1148,0.0352,23.5,PASS,A,QE-Nguyen,2024-02-15
MMB-0002,LOT-201,SUP-003,FAIL,OUTER_PROFILE,Profile of Outer Bracket Surface,profile,Medium,,,,,0.1745,0.0,0.3,,,0.1745,0.1255,41.8,PASS,A|B|C,QE-Nguyen,2024-02-15
MMB-0002,LOT-201,SUP-003,FAIL,HOLE_DIAMETER,Bolt Hole Diameter,diameter,High,,,,,4.978,5.0,0.05,4.95,5.05,0.022,0.028,56.0,PASS,,QE-Nguyen,2024-02-15
MMB-0002,LOT-201,SUP-003,FAIL,SLOT_WIDTH,Alignment Slot Width,width,Medium,,,,,8.0439,8.0,0.1,7.9,8.1,0.0439,0.0561,56.1,PASS,,QE-Nguyen,2024-02-15
MMB-0002,LOT-201,SUP-003,FAIL,BRACKET_THICKNESS,Bracket Thickness,thickness,Medium,,,,,6.0143,6.0,0.1,5.9,6.1,0.0143,0.0857,85.7,PASS,,QE-Nguyen,2024-02-15
MMB-0003,LOT-201,SUP-003,MRB REVIEW,HOLE_1_POSITION,Hole 1 True Position,position,High,20.0,20.0,19.9807,19.9421,0.1222,,0.2,,,0.12206,0.07794,39.0,PASS,A|B|C,QE-Nguyen,2024-02-15
MMB-0003,LOT-201,SUP-003,MRB REVIEW,HOLE_2_POSITION,Hole 2 True Position,position,High,80.0,20.0,80.0283,19.9648,0.0904,,0.2,,,0.09033,0.10967,54.8,PASS,A|B|C,QE-Nguyen,2024-02-15
MMB-0003,LOT-201,SUP-003,MRB REVIEW,HOLE_3_POSITION,Hole 3 True Position,position,High,20.0,60.0,19.9449,59.9859,0.1138,,0.2,,,0.11375,0.08625,43.1,PASS,A|B|C,QE-Nguyen,2024-02-15
MMB-0003,LOT-201,SUP-003,MRB REVIEW,HOLE_4_POSITION,Hole 4 True Position,position,High,80.0,60.0,79.9723,60.004,0.056,,0.2,,,0.05597,0.14403,72.0,PASS,A|B|C,QE-Nguyen,2024-02-15
MMB-0003,LOT-201,SUP-003,MRB REVIEW,MOUNTING_FACE_FLATNESS,Mounting Face Flatness,flatness,High,,,,,0.0224,0.0,0.05,,,0.0224,0.0276,55.2,PASS,A,QE-Nguyen,2024-02-15
MMB-0003,LOT-201,SUP-003,MRB REVIEW,OPP_FACE_PARALLELISM,Opposite Face Parallelism to Datum A,parallelism,High,,,,,0.091,0.0,0.1,,,0.091,0.009,9.0,BORDERLINE,A,QE-Nguyen,2024-02-15
MMB-0003,LOT-201,SUP-003,MRB REVIEW,MOTOR_BORE_PERP,Motor Bore Perpendicularity to Datum A,perpendicularity,High,,,,,0.0979,0.0,0.15,,,0.0979,0.0521,34.7,PASS,A,QE-Nguyen,2024-02-15
MMB-0003,LOT-201,SUP-003,MRB REVIEW,OUTER_PROFILE,Profile of Outer Bracket Surface,profile,Medium,,,,,0.108,0.0,0.3,,,0.108,0.192,64.0,PASS,A|B|C,QE-Nguyen,2024-02-15
MMB-0003,LOT-201,SUP-003,MRB REVIEW,HOLE_DIAMETER,Bolt Hole Diameter,diameter,High,,,,,4.9819,5.0,0.05,4.95,5.05,0.0181,0.0319,63.8,PASS,,QE-Nguyen,2024-02-15
MMB-0003,LOT-201,SUP-003,MRB REVIEW,SLOT_WIDTH,Alignment Slot Width,width,Medium,,,,,8.0457,8.0,0.1,7.9,8.1,0.0457,0.0543,54.3,PASS,,QE-Nguyen,2024-02-15
MMB-0003,LOT-201,SUP-003,MRB REVIEW,BRACKET_THICKNESS,Bracket Thickness,thickness,Medium,,,,,6.0246,6.0,0.1,5.9,6.1,0.0246,0.0754,75.4,PASS,,QE-Nguyen,2024-02-15
MMB-0004,LOT-201,SUP-003,FAIL,HOLE_1_POSITION,Hole 1 True Position,position,High,20.0,20.0,20.1328,20.0132,0.2669,,0.2,,,0.26691,-0.06691,-33.5,FAIL,A|B|C,QE-Nguyen,2024-02-15
MMB-0004,LOT-201,SUP-003,FAIL,HOLE_2_POSITION,Hole 2 True Position,position,High,80.0,20.0,80.0821,20.023,0.1705,,0.2,,,0.17052,0.02948,14.7,PASS,A|B|C,QE-Nguyen,2024-02-15
MMB-0004,LOT-201,SUP-003,FAIL,HOLE_3_POSITION,Hole 3 True Position,position,High,20.0,60.0,20.0034,59.9396,0.121,,0.2,,,0.12099,0.07901,39.5,PASS,A|B|C,QE-Nguyen,2024-02-15
MMB-0004,LOT-201,SUP-003,FAIL,HOLE_4_POSITION,Hole 4 True Position,position,High,80.0,60.0,80.0433,59.9494,0.1332,,0.2,,,0.1332,0.0668,33.4,PASS,A|B|C,QE-Nguyen,2024-02-15
MMB-0004,LOT-201,SUP-003,FAIL,MOUNTING_FACE_FLATNESS,Mounting Face Flatness,flatness,High,,,,,0.0173,0.0,0.05,,,0.0173,0.0327,65.4,PASS,A,QE-Nguyen,2024-02-15
MMB-0004,LOT-201,SUP-003,FAIL,OPP_FACE_PARALLELISM,Opposite Face Parallelism to Datum A,parallelism,High,,,,,0.0537,0.0,0.1,,,0.0537,0.0463,46.3,PASS,A,QE-Nguyen,2024-02-15
MMB-0004,LOT-201,SUP-003,FAIL,MOTOR_BORE_PERP,Motor Bore Perpendicularity to Datum A,perpendicularity,High,,,,,0.059,0.0,0.15,,,0.059,0.091,60.7,PASS,A,QE-Nguyen,2024-02-15
MMB-0004,LOT-201,SUP-003,FAIL,OUTER_PROFILE,Profile of Outer Bracket Surface,profile,Medium,,,,,0.0106,0.0,0.3,,,0.0106,0.2894,96.5,PASS,A|B|C,QE-Nguyen,2024-02-15
MMB-0004,LOT-201,SUP-003,FAIL,HOLE_DIAMETER,Bolt Hole Diameter,diameter,High,,,,,4.9841,5.0,0.05,4.95,5.05,0.0159,0.0341,68.2,PASS,,QE-Nguyen,2024-02-15
MMB-0004,LOT-201,SUP-003,FAIL,SLOT_WIDTH,Alignment Slot Width,width,Medium,,,,,8.0379,8.0,0.1,7.9,8.1,0.0379,0.0621,62.1,PASS,,QE-Nguyen,2024-02-15
MMB-0004,LOT-201,SUP-003,FAIL,BRACKET_THICKNESS,Bracket Thickness,thickness,Medium,,,,,6.0219,6.0,0.1,5.9,6.1,0.0219,0.0781,78.1,PASS,,QE-Nguyen,2024-02-15
MMB-0005,LOT-201,SUP-003,MRB REVIEW,HOLE_1_POSITION,Hole 1 True Position,position,High,20.0,20.0,20.0349,20.0087,0.072,,0.2,,,0.07194,0.12806,64.0,PASS,A|B|C,QE-Nguyen,2024-02-15
MMB-0005,LOT-201,SUP-003,MRB REVIEW,HOLE_2_POSITION,Hole 2 True Position,position,High,80.0,20.0,80.0331,20.0121,0.0705,,0.2,,,0.07048,0.12952,64.8,PASS,A|B|C,QE-Nguyen,2024-02-15
MMB-0005,LOT-201,SUP-003,MRB REVIEW,HOLE_3_POSITION,Hole 3 True Position,position,High,20.0,60.0,19.9933,60.0466,0.0941,,0.2,,,0.09416,0.10584,52.9,PASS,A|B|C,QE-Nguyen,2024-02-15
MMB-0005,LOT-201,SUP-003,MRB REVIEW,HOLE_4_POSITION,Hole 4 True Position,position,High,80.0,60.0,79.9853,59.9538,0.097,,0.2,,,0.09696,0.10304,51.5,PASS,A|B|C,QE-Nguyen,2024-02-15
MMB-0005,LOT-201,SUP-003,MRB REVIEW,MOUNTING_FACE_FLATNESS,Mounting Face Flatness,flatness,High,,,,,0.0432,0.0,0.05,,,0.0432,0.0068,13.6,PASS,A,QE-Nguyen,2024-02-15
MMB-0005,LOT-201,SUP-003,MRB REVIEW,OPP_FACE_PARALLELISM,Opposite Face Parallelism to Datum A,parallelism,High,,,,,0.092,0.0,0.1,,,0.092,0.008,8.0,BORDERLINE,A,QE-Nguyen,2024-02-15
MMB-0005,LOT-201,SUP-003,MRB REVIEW,MOTOR_BORE_PERP,Motor Bore Perpendicularity to Datum A,perpendicularity,High,,,,,0.007,0.0,0.15,,,0.007,0.143,95.3,PASS,A,QE-Nguyen,2024-02-15
MMB-0005,LOT-201,SUP-003,MRB REVIEW,OUTER_PROFILE,Profile of Outer Bracket Surface,profile,Medium,,,,,0.1647,0.0,0.3,,,0.1647,0.1353,45.1,PASS,A|B|C,QE-Nguyen,2024-02-15
MMB-0005,LOT-201,SUP-003,MRB REVIEW,HOLE_DIAMETER,Bolt Hole Diameter,diameter,High,,,,,4.9591,5.0,0.05,4.95,5.05,0.0409,0.0091,18.2,PASS,,QE-Nguyen,2024-02-15
MMB-0005,LOT-201,SUP-003,MRB REVIEW,SLOT_WIDTH,Alignment Slot Width,width,Medium,,,,,8.0421,8.0,0.1,7.9,8.1,0.0421,0.0579,57.9,PASS,,QE-Nguyen,2024-02-15
MMB-0005,LOT-201,SUP-003,MRB REVIEW,BRACKET_THICKNESS,Bracket Thickness,thickness,Medium,,,,,5.9817,6.0,0.1,5.9,6.1,0.0183,0.0817,81.7,PASS,,QE-Nguyen,2024-02-15
MMB-0006,LOT-201,SUP-003,FAIL,HOLE_1_POSITION,Hole 1 True Position,position,High,20.0,20.0,20.0392,19.9693,0.0997,,0.2,,,0.09958,0.10042,50.2,PASS,A|B|C,QE-Nguyen,2024-02-15
MMB-0006,LOT-201,SUP-003,FAIL,HOLE_2_POSITION,Hole 2 True Position,position,High,80.0,20.0,80.0166,19.931,0.142,,0.2,,,0.14194,0.05806,29.0,PASS,A|B|C,QE-Nguyen,2024-02-15
MMB-0006,LOT-201,SUP-003,FAIL,HOLE_3_POSITION,Hole 3 True Position,position,High,20.0,60.0,19.9888,59.9976,0.023,,0.2,,,0.02291,0.17709,88.5,PASS,A|B|C,QE-Nguyen,2024-02-15
MMB-0006,LOT-201,SUP-003,FAIL,HOLE_4_POSITION,Hole 4 True Position,position,High,80.0,60.0,80.0577,60.1077,0.2443,,0.2,,,0.24437,-0.04437,-22.2,FAIL,A|B|C,QE-Nguyen,2024-02-15
MMB-0006,LOT-201,SUP-003,FAIL,MOUNTING_FACE_FLATNESS,Mounting Face Flatness,flatness,High,,,,,0.0337,0.0,0.05,,,0.0337,0.0163,32.6,PASS,A,QE-Nguyen,2024-02-15
MMB-0006,LOT-201,SUP-003,FAIL,OPP_FACE_PARALLELISM,Opposite Face Parallelism to Datum A,parallelism,High,,,,,0.0639,0.0,0.1,,,0.0639,0.0361,36.1,PASS,A,QE-Nguyen,2024-02-15
MMB-0006,LOT-201,SUP-003,FAIL,MOTOR_BORE_PERP,Motor Bore Perpendicularity to Datum A,perpendicularity,High,,,,,0.0289,0.0,0.15,,,0.0289,0.1211,80.7,PASS,A,QE-Nguyen,2024-02-15
MMB-0006,LOT-201,SUP-003,FAIL,OUTER_PROFILE,Profile of Outer Bracket Surface,profile,Medium,,,,,0.0207,0.0,0.3,,,0.0207,0.2793,93.1,PASS,A|B|C,QE-Nguyen,2024-02-15
MMB-0006,LOT-201,SUP-003,FAIL,HOLE_DIAMETER,Bolt Hole Diameter,diameter,High,,,,,5.0038,5.0,0.05,4.95,5.05,0.0038,0.0462,92.4,PASS,,QE-Nguyen,2024-02-15
MMB-0006,LOT-201,SUP-003,FAIL,SLOT_WIDTH,Alignment Slot Width,width,Medium,,,,,8.0141,8.0,0.1,7.9,8.1,0.0141,0.0859,85.9,PASS,,QE-Nguyen,2024-02-15
MMB-0006,LOT-201,SUP-003,FAIL,BRACKET_THICKNESS,Bracket Thickness,thickness,Medium,,,,,6.0202,6.0,0.1,5.9,6.1,0.0202,0.0798,79.8,PASS,,QE-Nguyen,2024-02-15
MMB-0007,LOT-201,SUP-003,PASS,HOLE_1_POSITION,Hole 1 True Position,position,High,20.0,20.0,20.0352,20.018,0.0792,,0.2,,,0.07907,0.12093,60.5,PASS,A|B|C,QE-Nguyen,2024-02-15
MMB-0007,LOT-201,SUP-003,PASS,HOLE_2_POSITION,Hole 2 True Position,position,High,80.0,20.0,79.9267,20.0446,0.1717,,0.2,,,0.1716,0.0284,14.2,PASS,A|B|C,QE-Nguyen,2024-02-15
MMB-0007,LOT-201,SUP-003,PASS,HOLE_3_POSITION,Hole 3 True Position,position,High,20.0,60.0,19.9958,59.9618,0.0769,,0.2,,,0.07686,0.12314,61.6,PASS,A|B|C,QE-Nguyen,2024-02-15
MMB-0007,LOT-201,SUP-003,PASS,HOLE_4_POSITION,Hole 4 True Position,position,High,80.0,60.0,79.9751,59.9161,0.1751,,0.2,,,0.17503,0.02497,12.5,PASS,A|B|C,QE-Nguyen,2024-02-15
MMB-0007,LOT-201,SUP-003,PASS,MOUNTING_FACE_FLATNESS,Mounting Face Flatness,flatness,High,,,,,0.0198,0.0,0.05,,,0.0198,0.0302,60.4,PASS,A,QE-Nguyen,2024-02-15
MMB-0007,LOT-201,SUP-003,PASS,OPP_FACE_PARALLELISM,Opposite Face Parallelism to Datum A,parallelism,High,,,,,0.0775,0.0,0.1,,,0.0775,0.0225,22.5,PASS,A,QE-Nguyen,2024-02-15
MMB-0007,LOT-201,SUP-003,PASS,MOTOR_BORE_PERP,Motor Bore Perpendicularity to Datum A,perpendicularity,High,,,,,0.0569,0.0,0.15,,,0.0569,0.0931,62.1,PASS,A,QE-Nguyen,2024-02-15
MMB-0007,LOT-201,SUP-003,PASS,OUTER_PROFILE,Profile of Outer Bracket Surface,profile,Medium,,,,,0.0597,0.0,0.3,,,0.0597,0.2403,80.1,PASS,A|B|C,QE-Nguyen,2024-02-15
MMB-0007,LOT-201,SUP-003,PASS,HOLE_DIAMETER,Bolt Hole Diameter,diameter,High,,,,,4.9948,5.0,0.05,4.95,5.05,0.0052,0.0448,89.6,PASS,,QE-Nguyen,2024-02-15
MMB-0007,LOT-201,SUP-003,PASS,SLOT_WIDTH,Alignment Slot Width,width,Medium,,,,,8.0238,8.0,0.1,7.9,8.1,0.0238,0.0762,76.2,PASS,,QE-Nguyen,2024-02-15
MMB-0007,LOT-201,SUP-003,PASS,BRACKET_THICKNESS,Bracket Thickness,thickness,Medium,,,,,5.9713,6.0,0.1,5.9,6.1,0.0287,0.0713,71.3,PASS,,QE-Nguyen,2024-02-15
MMB-0008,LOT-201,SUP-003,FAIL,HOLE_1_POSITION,Hole 1 True Position,position,High,20.0,20.0,19.949,20.0064,0.1027,,0.2,,,0.1028,0.0972,48.6,PASS,A|B|C,QE-Nguyen,2024-02-15
MMB-0008,LOT-201,SUP-003,FAIL,HOLE_2_POSITION,Hole 2 True Position,position,High,80.0,20.0,79.9375,20.0973,0.2312,,0.2,,,0.23129,-0.03129,-15.6,FAIL,A|B|C,QE-Nguyen,2024-02-15
MMB-0008,LOT-201,SUP-003,FAIL,HOLE_3_POSITION,Hole 3 True Position,position,High,20.0,60.0,19.9939,59.9637,0.0736,,0.2,,,0.07362,0.12638,63.2,PASS,A|B|C,QE-Nguyen,2024-02-15
MMB-0008,LOT-201,SUP-003,FAIL,HOLE_4_POSITION,Hole 4 True Position,position,High,80.0,60.0,79.951,59.971,0.1139,,0.2,,,0.11388,0.08612,43.1,PASS,A|B|C,QE-Nguyen,2024-02-15
MMB-0008,LOT-201,SUP-003,FAIL,MOUNTING_FACE_FLATNESS,Mounting Face Flatness,flatness,High,,,,,0.0165,0.0,0.05,,,0.0165,0.0335,67.0,PASS,A,QE-Nguyen,2024-02-15
MMB-0008,LOT-201,SUP-003,FAIL,OPP_FACE_PARALLELISM,Opposite Face Parallelism to Datum A,parallelism,High,,,,,0.0077,0.0,0.1,,,0.0077,0.0923,92.3,PASS,A,QE-Nguyen,2024-02-15
MMB-0008,LOT-201,SUP-003,FAIL,MOTOR_BORE_PERP,Motor Bore Perpendicularity to Datum A,perpendicularity,High,,,,,0.1205,0.0,0.15,,,0.1205,0.0295,19.7,PASS,A,QE-Nguyen,2024-02-15
MMB-0008,LOT-201,SUP-003,FAIL,OUTER_PROFILE,Profile of Outer Bracket Surface,profile,Medium,,,,,0.1189,0.0,0.3,,,0.1189,0.1811,60.4,PASS,A|B|C,QE-Nguyen,2024-02-15
MMB-0008,LOT-201,SUP-003,FAIL,HOLE_DIAMETER,Bolt Hole Diameter,diameter,High,,,,,4.9995,5.0,0.05,4.95,5.05,0.0005,0.0495,99.0,PASS,,QE-Nguyen,2024-02-15
MMB-0008,LOT-201,SUP-003,FAIL,SLOT_WIDTH,Alignment Slot Width,width,Medium,,,,,8.0345,8.0,0.1,7.9,8.1,0.0345,0.0655,65.5,PASS,,QE-Nguyen,2024-02-15
MMB-0008,LOT-201,SUP-003,FAIL,BRACKET_THICKNESS,Bracket Thickness,thickness,Medium,,,,,5.9786,6.0,0.1,5.9,6.1,0.0214,0.0786,78.6,PASS,,QE-Nguyen,2024-02-15
MMB-0009,LOT-201,SUP-003,FAIL,HOLE_1_POSITION,Hole 1 True Position,position,High,20.0,20.0,19.9621,20.0229,0.0886,,0.2,,,0.08856,0.11144,55.7,PASS,A|B|C,QE-Nguyen,2024-02-15
MMB-0009,LOT-201,SUP-003,FAIL,HOLE_2_POSITION,Hole 2 True Position,position,High,80.0,20.0,79.9968,20.0172,0.0351,,0.2,,,0.03499,0.16501,82.5,PASS,A|B|C,QE-Nguyen,2024-02-15
MMB-0009,LOT-201,SUP-003,FAIL,HOLE_3_POSITION,Hole 3 True Position,position,High,20.0,60.0,19.9968,59.9903,0.0203,,0.2,,,0.02043,0.17957,89.8,PASS,A|B|C,QE-Nguyen,2024-02-15
MMB-0009,LOT-201,SUP-003,FAIL,HOLE_4_POSITION,Hole 4 True Position,position,High,80.0,60.0,80.086,60.0639,0.2144,,0.2,,,0.21428,-0.01428,-7.1,FAIL,A|B|C,QE-Nguyen,2024-02-15
MMB-0009,LOT-201,SUP-003,FAIL,MOUNTING_FACE_FLATNESS,Mounting Face Flatness,flatness,High,,,,,0.0125,0.0,0.05,,,0.0125,0.0375,75.0,PASS,A,QE-Nguyen,2024-02-15
MMB-0009,LOT-201,SUP-003,FAIL,OPP_FACE_PARALLELISM,Opposite Face Parallelism to Datum A,parallelism,High,,,,,0.0994,0.0,0.1,,,0.0994,0.0006,0.6,BORDERLINE,A,QE-Nguyen,2024-02-15
MMB-0009,LOT-201,SUP-003,FAIL,MOTOR_BORE_PERP,Motor Bore Perpendicularity to Datum A,perpendicularity,High,,,,,0.1563,0.0,0.15,,,0.1563,-0.0063,-4.2,FAIL,A,QE-Nguyen,2024-02-15
MMB-0009,LOT-201,SUP-003,FAIL,OUTER_PROFILE,Profile of Outer Bracket Surface,profile,Medium,,,,,0.2062,0.0,0.3,,,0.2062,0.0938,31.3,PASS,A|B|C,QE-Nguyen,2024-02-15
MMB-0009,LOT-201,SUP-003,FAIL,HOLE_DIAMETER,Bolt Hole Diameter,diameter,High,,,,,4.9957,5.0,0.05,4.95,5.05,0.0043,0.0457,91.4,PASS,,QE-Nguyen,2024-02-15
MMB-0009,LOT-201,SUP-003,FAIL,SLOT_WIDTH,Alignment Slot Width,width,Medium,,,,,7.9893,8.0,0.1,7.9,8.1,0.0107,0.0893,89.3,PASS,,QE-Nguyen,2024-02-15
MMB-0009,LOT-201,SUP-003,FAIL,BRACKET_THICKNESS,Bracket Thickness,thickness,Medium,,,,,6.0232,6.0,0.1,5.9,6.1,0.0232,0.0768,76.8,PASS,,QE-Nguyen,2024-02-15
MMB-0010,LOT-201,SUP-003,FAIL,HOLE_1_POSITION,Hole 1 True Position,position,High,20.0,20.0,19.969,20.0178,0.0714,,0.2,,,0.07149,0.12851,64.3,PASS,A|B|C,QE-Nguyen,2024-02-15
MMB-0010,LOT-201,SUP-003,FAIL,HOLE_2_POSITION,Hole 2 True Position,position,High,80.0,20.0,79.9989,20.0609,0.1218,,0.2,,,0.12182,0.07818,39.1,PASS,A|B|C,QE-Nguyen,2024-02-15
MMB-0010,LOT-201,SUP-003,FAIL,HOLE_3_POSITION,Hole 3 True Position,position,High,20.0,60.0,19.9844,59.9823,0.0472,,0.2,,,0.04719,0.15281,76.4,PASS,A|B|C,QE-Nguyen,2024-02-15
MMB-0010,LOT-201,SUP-003,FAIL,HOLE_4_POSITION,Hole 4 True Position,position,High,80.0,60.0,80.0227,60.116,0.2365,,0.2,,,0.2364,-0.0364,-18.2,FAIL,A|B|C,QE-Nguyen,2024-02-15
MMB-0010,LOT-201,SUP-003,FAIL,MOUNTING_FACE_FLATNESS,Mounting Face Flatness,flatness,High,,,,,0.0262,0.0,0.05,,,0.0262,0.0238,47.6,PASS,A,QE-Nguyen,2024-02-15
MMB-0010,LOT-201,SUP-003,FAIL,OPP_FACE_PARALLELISM,Opposite Face Parallelism to Datum A,parallelism,High,,,,,0.0425,0.0,0.1,,,0.0425,0.0575,57.5,PASS,A,QE-Nguyen,2024-02-15
MMB-0010,LOT-201,SUP-003,FAIL,MOTOR_BORE_PERP,Motor Bore Perpendicularity to Datum A,perpendicularity,High,,,,,0.1043,0.0,0.15,,,0.1043,0.0457,30.5,PASS,A,QE-Nguyen,2024-02-15
MMB-0010,LOT-201,SUP-003,FAIL,OUTER_PROFILE,Profile of Outer Bracket Surface,profile,Medium,,,,,0.1703,0.0,0.3,,,0.1703,0.1297,43.2,PASS,A|B|C,QE-Nguyen,2024-02-15
MMB-0010,LOT-201,SUP-003,FAIL,HOLE_DIAMETER,Bolt Hole Diameter,diameter,High,,,,,4.981,5.0,0.05,4.95,5.05,0.019,0.031,62.0,PASS,,QE-Nguyen,2024-02-15
MMB-0010,LOT-201,SUP-003,FAIL,SLOT_WIDTH,Alignment Slot Width,width,Medium,,,,,7.9939,8.0,0.1,7.9,8.1,0.0061,0.0939,93.9,PASS,,QE-Nguyen,2024-02-15
MMB-0010,LOT-201,SUP-003,FAIL,BRACKET_THICKNESS,Bracket Thickness,thickness,Medium,,,,,6.0324,6.0,0.1,5.9,6.1,0.0324,0.0676,67.6,PASS,,QE-Nguyen,2024-02-15
MMB-0011,LOT-202,SUP-003,MRB REVIEW,HOLE_1_POSITION,Hole 1 True Position,position,High,20.0,20.0,20.0268,19.9543,0.106,,0.2,,,0.10596,0.09404,47.0,PASS,A|B|C,QE-Nguyen,2024-03-10
MMB-0011,LOT-202,SUP-003,MRB REVIEW,HOLE_2_POSITION,Hole 2 True Position,position,High,80.0,20.0,80.031,19.992,0.0641,,0.2,,,0.06403,0.13597,68.0,PASS,A|B|C,QE-Nguyen,2024-03-10
MMB-0011,LOT-202,SUP-003,MRB REVIEW,HOLE_3_POSITION,Hole 3 True Position,position,High,20.0,60.0,19.9845,59.9646,0.0774,,0.2,,,0.07729,0.12271,61.4,PASS,A|B|C,QE-Nguyen,2024-03-10
MMB-0011,LOT-202,SUP-003,MRB REVIEW,HOLE_4_POSITION,Hole 4 True Position,position,High,80.0,60.0,79.9786,60.0334,0.0793,,0.2,,,0.07934,0.12066,60.3,PASS,A|B|C,QE-Nguyen,2024-03-10
MMB-0011,LOT-202,SUP-003,MRB REVIEW,MOUNTING_FACE_FLATNESS,Mounting Face Flatness,flatness,High,,,,,0.0407,0.0,0.05,,,0.0407,0.0093,18.6,PASS,A,QE-Nguyen,2024-03-10
MMB-0011,LOT-202,SUP-003,MRB REVIEW,OPP_FACE_PARALLELISM,Opposite Face Parallelism to Datum A,parallelism,High,,,,,0.0708,0.0,0.1,,,0.0708,0.0292,29.2,PASS,A,QE-Nguyen,2024-03-10
MMB-0011,LOT-202,SUP-003,MRB REVIEW,MOTOR_BORE_PERP,Motor Bore Perpendicularity to Datum A,perpendicularity,High,,,,,0.1246,0.0,0.15,,,0.1246,0.0254,16.9,PASS,A,QE-Nguyen,2024-03-10
MMB-0011,LOT-202,SUP-003,MRB REVIEW,OUTER_PROFILE,Profile of Outer Bracket Surface,profile,Medium,,,,,0.2977,0.0,0.3,,,0.2977,0.0023,0.8,BORDERLINE,A|B|C,QE-Nguyen,2024-03-10
MMB-0011,LOT-202,SUP-003,MRB REVIEW,HOLE_DIAMETER,Bolt Hole Diameter,diameter,High,,,,,4.9935,5.0,0.05,4.95,5.05,0.0065,0.0435,87.0,PASS,,QE-Nguyen,2024-03-10
MMB-0011,LOT-202,SUP-003,MRB REVIEW,SLOT_WIDTH,Alignment Slot Width,width,Medium,,,,,8.0038,8.0,0.1,7.9,8.1,0.0038,0.0962,96.2,PASS,,QE-Nguyen,2024-03-10
MMB-0011,LOT-202,SUP-003,MRB REVIEW,BRACKET_THICKNESS,Bracket Thickness,thickness,Medium,,,,,5.969,6.0,0.1,5.9,6.1,0.031,0.069,69.0,PASS,,QE-Nguyen,2024-03-10
MMB-0012,LOT-202,SUP-003,PASS,HOLE_1_POSITION,Hole 1 True Position,position,High,20.0,20.0,20.0595,20.065,0.1762,,0.2,,,0.17624,0.02376,11.9,PASS,A|B|C,QE-Nguyen,2024-03-10
MMB-0012,LOT-202,SUP-003,PASS,HOLE_2_POSITION,Hole 2 True Position,position,High,80.0,20.0,79.9566,20.0309,0.1065,,0.2,,,0.10655,0.09345,46.7,PASS,A|B|C,QE-Nguyen,2024-03-10
MMB-0012,LOT-202,SUP-003,PASS,HOLE_3_POSITION,Hole 3 True Position,position,High,20.0,60.0,20.0487,60.0091,0.099,,0.2,,,0.09909,0.10091,50.5,PASS,A|B|C,QE-Nguyen,2024-03-10
MMB-0012,LOT-202,SUP-003,PASS,HOLE_4_POSITION,Hole 4 True Position,position,High,80.0,60.0,80.0508,60.0105,0.1038,,0.2,,,0.10375,0.09625,48.1,PASS,A|B|C,QE-Nguyen,2024-03-10
MMB-0012,LOT-202,SUP-003,PASS,MOUNTING_FACE_FLATNESS,Mounting Face Flatness,flatness,High,,,,,0.0067,0.0,0.05,,,0.0067,0.0433,86.6,PASS,A,QE-Nguyen,2024-03-10
MMB-0012,LOT-202,SUP-003,PASS,OPP_FACE_PARALLELISM,Opposite Face Parallelism to Datum A,parallelism,High,,,,,0.0865,0.0,0.1,,,0.0865,0.0135,13.5,PASS,A,QE-Nguyen,2024-03-10
MMB-0012,LOT-202,SUP-003,PASS,MOTOR_BORE_PERP,Motor Bore Perpendicularity to Datum A,perpendicularity,High,,,,,0.123,0.0,0.15,,,0.123,0.027,18.0,PASS,A,QE-Nguyen,2024-03-10
MMB-0012,LOT-202,SUP-003,PASS,OUTER_PROFILE,Profile of Outer Bracket Surface,profile,Medium,,,,,0.1714,0.0,0.3,,,0.1714,0.1286,42.9,PASS,A|B|C,QE-Nguyen,2024-03-10
MMB-0012,LOT-202,SUP-003,PASS,HOLE_DIAMETER,Bolt Hole Diameter,diameter,High,,,,,4.9809,5.0,0.05,4.95,5.05,0.0191,0.0309,61.8,PASS,,QE-Nguyen,2024-03-10
MMB-0012,LOT-202,SUP-003,PASS,SLOT_WIDTH,Alignment Slot Width,width,Medium,,,,,7.9875,8.0,0.1,7.9,8.1,0.0125,0.0875,87.5,PASS,,QE-Nguyen,2024-03-10
MMB-0012,LOT-202,SUP-003,PASS,BRACKET_THICKNESS,Bracket Thickness,thickness,Medium,,,,,5.9767,6.0,0.1,5.9,6.1,0.0233,0.0767,76.7,PASS,,QE-Nguyen,2024-03-10
MMB-0013,LOT-202,SUP-003,FAIL,HOLE_1_POSITION,Hole 1 True Position,position,High,20.0,20.0,20.0385,20.0634,0.1484,,0.2,,,0.14835,0.05165,25.8,PASS,A|B|C,QE-Nguyen,2024-03-10
MMB-0013,LOT-202,SUP-003,FAIL,HOLE_2_POSITION,Hole 2 True Position,position,High,80.0,20.0,80.0212,20.047,0.1032,,0.2,,,0.10312,0.09688,48.4,PASS,A|B|C,QE-Nguyen,2024-03-10
MMB-0013,LOT-202,SUP-003,FAIL,HOLE_3_POSITION,Hole 3 True Position,position,High,20.0,60.0,19.9653,60.0058,0.0704,,0.2,,,0.07036,0.12964,64.8,PASS,A|B|C,QE-Nguyen,2024-03-10
MMB-0013,LOT-202,SUP-003,FAIL,HOLE_4_POSITION,Hole 4 True Position,position,High,80.0,60.0,79.9178,59.9537,0.1887,,0.2,,,0.18869,0.01131,5.7,BORDERLINE,A|B|C,QE-Nguyen,2024-03-10
MMB-0013,LOT-202,SUP-003,FAIL,MOUNTING_FACE_FLATNESS,Mounting Face Flatness,flatness,High,,,,,0.0382,0.0,0.05,,,0.0382,0.0118,23.6,PASS,A,QE-Nguyen,2024-03-10
MMB-0013,LOT-202,SUP-003,FAIL,OPP_FACE_PARALLELISM,Opposite Face Parallelism to Datum A,parallelism,High,,,,,0.0478,0.0,0.1,,,0.0478,0.0522,52.2,PASS,A,QE-Nguyen,2024-03-10
MMB-0013,LOT-202,SUP-003,FAIL,MOTOR_BORE_PERP,Motor Bore Perpendicularity to Datum A,perpendicularity,High,,,,,0.1184,0.0,0.15,,,0.1184,0.0316,21.1,PASS,A,QE-Nguyen,2024-03-10
MMB-0013,LOT-202,SUP-003,FAIL,OUTER_PROFILE,Profile of Outer Bracket Surface,profile,Medium,,,,,0.1577,0.0,0.3,,,0.1577,0.1423,47.4,PASS,A|B|C,QE-Nguyen,2024-03-10
MMB-0013,LOT-202,SUP-003,FAIL,HOLE_DIAMETER,Bolt Hole Diameter,diameter,High,,,,,5.0547,5.0,0.05,4.95,5.05,0.0547,-0.0047,-9.4,FAIL,,QE-Nguyen,2024-03-10
MMB-0013,LOT-202,SUP-003,FAIL,SLOT_WIDTH,Alignment Slot Width,width,Medium,,,,,8.0128,8.0,0.1,7.9,8.1,0.0128,0.0872,87.2,PASS,,QE-Nguyen,2024-03-10
MMB-0013,LOT-202,SUP-003,FAIL,BRACKET_THICKNESS,Bracket Thickness,thickness,Medium,,,,,5.9698,6.0,0.1,5.9,6.1,0.0302,0.0698,69.8,PASS,,QE-Nguyen,2024-03-10
MMB-0014,LOT-202,SUP-003,PASS,HOLE_1_POSITION,Hole 1 True Position,position,High,20.0,20.0,19.9983,19.9518,0.0964,,0.2,,,0.09646,0.10354,51.8,PASS,A|B|C,QE-Nguyen,2024-03-10
MMB-0014,LOT-202,SUP-003,PASS,HOLE_2_POSITION,Hole 2 True Position,position,High,80.0,20.0,80.0489,20.0021,0.0978,,0.2,,,0.09789,0.10211,51.1,PASS,A|B|C,QE-Nguyen,2024-03-10
MMB-0014,LOT-202,SUP-003,PASS,HOLE_3_POSITION,Hole 3 True Position,position,High,20.0,60.0,19.9945,59.995,0.0148,,0.2,,,0.01487,0.18513,92.6,PASS,A|B|C,QE-Nguyen,2024-03-10
MMB-0014,LOT-202,SUP-003,PASS,HOLE_4_POSITION,Hole 4 True Position,position,High,80.0,60.0,80.0444,59.9729,0.1041,,0.2,,,0.10403,0.09597,48.0,PASS,A|B|C,QE-Nguyen,2024-03-10
MMB-0014,LOT-202,SUP-003,PASS,MOUNTING_FACE_FLATNESS,Mounting Face Flatness,flatness,High,,,,,0.0367,0.0,0.05,,,0.0367,0.0133,26.6,PASS,A,QE-Nguyen,2024-03-10
MMB-0014,LOT-202,SUP-003,PASS,OPP_FACE_PARALLELISM,Opposite Face Parallelism to Datum A,parallelism,High,,,,,0.0864,0.0,0.1,,,0.0864,0.0136,13.6,PASS,A,QE-Nguyen,2024-03-10
MMB-0014,LOT-202,SUP-003,PASS,MOTOR_BORE_PERP,Motor Bore Perpendicularity to Datum A,perpendicularity,High,,,,,0.0563,0.0,0.15,,,0.0563,0.0937,62.5,PASS,A,QE-Nguyen,2024-03-10
MMB-0014,LOT-202,SUP-003,PASS,OUTER_PROFILE,Profile of Outer Bracket Surface,profile,Medium,,,,,0.0552,0.0,0.3,,,0.0552,0.2448,81.6,PASS,A|B|C,QE-Nguyen,2024-03-10
MMB-0014,LOT-202,SUP-003,PASS,HOLE_DIAMETER,Bolt Hole Diameter,diameter,High,,,,,4.9897,5.0,0.05,4.95,5.05,0.0103,0.0397,79.4,PASS,,QE-Nguyen,2024-03-10
MMB-0014,LOT-202,SUP-003,PASS,SLOT_WIDTH,Alignment Slot Width,width,Medium,,,,,8.0313,8.0,0.1,7.9,8.1,0.0313,0.0687,68.7,PASS,,QE-Nguyen,2024-03-10
MMB-0014,LOT-202,SUP-003,PASS,BRACKET_THICKNESS,Bracket Thickness,thickness,Medium,,,,,6.0073,6.0,0.1,5.9,6.1,0.0073,0.0927,92.7,PASS,,QE-Nguyen,2024-03-10
MMB-0015,LOT-202,SUP-003,MRB REVIEW,HOLE_1_POSITION,Hole 1 True Position,position,High,20.0,20.0,20.0315,20.0881,0.1872,,0.2,,,0.18712,0.01288,6.4,BORDERLINE,A|B|C,QE-Nguyen,2024-03-10
MMB-0015,LOT-202,SUP-003,MRB REVIEW,HOLE_2_POSITION,Hole 2 True Position,position,High,80.0,20.0,80.0115,19.9596,0.0841,,0.2,,,0.08401,0.11599,58.0,PASS,A|B|C,QE-Nguyen,2024-03-10
MMB-0015,LOT-202,SUP-003,MRB REVIEW,HOLE_3_POSITION,Hole 3 True Position,position,High,20.0,60.0,20.0423,60.0021,0.0847,,0.2,,,0.0847,0.1153,57.6,PASS,A|B|C,QE-Nguyen,2024-03-10
MMB-0015,LOT-202,SUP-003,MRB REVIEW,HOLE_4_POSITION,Hole 4 True Position,position,High,80.0,60.0,80.0523,60.064,0.1653,,0.2,,,0.1653,0.0347,17.3,PASS,A|B|C,QE-Nguyen,2024-03-10
MMB-0015,LOT-202,SUP-003,MRB REVIEW,MOUNTING_FACE_FLATNESS,Mounting Face Flatness,flatness,High,,,,,0.0106,0.0,0.05,,,0.0106,0.0394,78.8,PASS,A,QE-Nguyen,2024-03-10
MMB-0015,LOT-202,SUP-003,MRB REVIEW,OPP_FACE_PARALLELISM,Opposite Face Parallelism to Datum A,parallelism,High,,,,,0.0965,0.0,0.1,,,0.0965,0.0035,3.5,BORDERLINE,A,QE-Nguyen,2024-03-10
MMB-0015,LOT-202,SUP-003,MRB REVIEW,MOTOR_BORE_PERP,Motor Bore Perpendicularity to Datum A,perpendicularity,High,,,,,0.1062,0.0,0.15,,,0.1062,0.0438,29.2,PASS,A,QE-Nguyen,2024-03-10
MMB-0015,LOT-202,SUP-003,MRB REVIEW,OUTER_PROFILE,Profile of Outer Bracket Surface,profile,Medium,,,,,0.0777,0.0,0.3,,,0.0777,0.2223,74.1,PASS,A|B|C,QE-Nguyen,2024-03-10
MMB-0015,LOT-202,SUP-003,MRB REVIEW,HOLE_DIAMETER,Bolt Hole Diameter,diameter,High,,,,,5.0061,5.0,0.05,4.95,5.05,0.0061,0.0439,87.8,PASS,,QE-Nguyen,2024-03-10
MMB-0015,LOT-202,SUP-003,MRB REVIEW,SLOT_WIDTH,Alignment Slot Width,width,Medium,,,,,8.0177,8.0,0.1,7.9,8.1,0.0177,0.0823,82.3,PASS,,QE-Nguyen,2024-03-10
MMB-0015,LOT-202,SUP-003,MRB REVIEW,BRACKET_THICKNESS,Bracket Thickness,thickness,Medium,,,,,6.0056,6.0,0.1,5.9,6.1,0.0056,0.0944,94.4,PASS,,QE-Nguyen,2024-03-10
MMB-0016,LOT-202,SUP-003,PASS,HOLE_1_POSITION,Hole 1 True Position,position,High,20.0,20.0,20.0436,20.0719,0.1681,,0.2,,,0.16817,0.03183,15.9,PASS,A|B|C,QE-Nguyen,2024-03-10
MMB-0016,LOT-202,SUP-003,PASS,HOLE_2_POSITION,Hole 2 True Position,position,High,80.0,20.0,80.0004,20.0665,0.1331,,0.2,,,0.133,0.067,33.5,PASS,A|B|C,QE-Nguyen,2024-03-10
MMB-0016,LOT-202,SUP-003,PASS,HOLE_3_POSITION,Hole 3 True Position,position,High,20.0,60.0,20.0395,60.0093,0.0812,,0.2,,,0.08116,0.11884,59.4,PASS,A|B|C,QE-Nguyen,2024-03-10
MMB-0016,LOT-202,SUP-003,PASS,HOLE_4_POSITION,Hole 4 True Position,position,High,80.0,60.0,80.0106,59.9308,0.1399,,0.2,,,0.14001,0.05999,30.0,PASS,A|B|C,QE-Nguyen,2024-03-10
MMB-0016,LOT-202,SUP-003,PASS,MOUNTING_FACE_FLATNESS,Mounting Face Flatness,flatness,High,,,,,0.0025,0.0,0.05,,,0.0025,0.0475,95.0,PASS,A,QE-Nguyen,2024-03-10
MMB-0016,LOT-202,SUP-003,PASS,OPP_FACE_PARALLELISM,Opposite Face Parallelism to Datum A,parallelism,High,,,,,0.06,0.0,0.1,,,0.06,0.04,40.0,PASS,A,QE-Nguyen,2024-03-10
MMB-0016,LOT-202,SUP-003,PASS,MOTOR_BORE_PERP,Motor Bore Perpendicularity to Datum A,perpendicularity,High,,,,,0.0358,0.0,0.15,,,0.0358,0.1142,76.1,PASS,A,QE-Nguyen,2024-03-10
MMB-0016,LOT-202,SUP-003,PASS,OUTER_PROFILE,Profile of Outer Bracket Surface,profile,Medium,,,,,0.1172,0.0,0.3,,,0.1172,0.1828,60.9,PASS,A|B|C,QE-Nguyen,2024-03-10
MMB-0016,LOT-202,SUP-003,PASS,HOLE_DIAMETER,Bolt Hole Diameter,diameter,High,,,,,4.9893,5.0,0.05,4.95,5.05,0.0107,0.0393,78.6,PASS,,QE-Nguyen,2024-03-10
MMB-0016,LOT-202,SUP-003,PASS,SLOT_WIDTH,Alignment Slot Width,width,Medium,,,,,7.9563,8.0,0.1,7.9,8.1,0.0437,0.0563,56.3,PASS,,QE-Nguyen,2024-03-10
MMB-0016,LOT-202,SUP-003,PASS,BRACKET_THICKNESS,Bracket Thickness,thickness,Medium,,,,,6.0139,6.0,0.1,5.9,6.1,0.0139,0.0861,86.1,PASS,,QE-Nguyen,2024-03-10
MMB-0017,LOT-202,SUP-003,FAIL,HOLE_1_POSITION,Hole 1 True Position,position,High,20.0,20.0,19.9793,20.004,0.0422,,0.2,,,0.04217,0.15783,78.9,PASS,A|B|C,QE-Nguyen,2024-03-10
MMB-0017,LOT-202,SUP-003,FAIL,HOLE_2_POSITION,Hole 2 True Position,position,High,80.0,20.0,79.9553,19.9833,0.0954,,0.2,,,0.09544,0.10456,52.3,PASS,A|B|C,QE-Nguyen,2024-03-10
MMB-0017,LOT-202,SUP-003,FAIL,HOLE_3_POSITION,Hole 3 True Position,position,High,20.0,60.0,20.0624,60.0051,0.1253,,0.2,,,0.12522,0.07478,37.4,PASS,A|B|C,QE-Nguyen,2024-03-10
MMB-0017,LOT-202,SUP-003,FAIL,HOLE_4_POSITION,Hole 4 True Position,position,High,80.0,60.0,80.033,59.9237,0.1662,,0.2,,,0.16626,0.03374,16.9,PASS,A|B|C,QE-Nguyen,2024-03-10
MMB-0017,LOT-202,SUP-003,FAIL,MOUNTING_FACE_FLATNESS,Mounting Face Flatness,flatness,High,,,,,0.0608,0.0,0.05,,,0.0608,-0.0108,-21.6,FAIL,A,QE-Nguyen,2024-03-10
MMB-0017,LOT-202,SUP-003,FAIL,OPP_FACE_PARALLELISM,Opposite Face Parallelism to Datum A,parallelism,High,,,,,0.1103,0.0,0.1,,,0.1103,-0.0103,-10.3,FAIL,A,QE-Nguyen,2024-03-10
MMB-0017,LOT-202,SUP-003,FAIL,MOTOR_BORE_PERP,Motor Bore Perpendicularity to Datum A,perpendicularity,High,,,,,0.1245,0.0,0.15,,,0.1245,0.0255,17.0,PASS,A,QE-Nguyen,2024-03-10
MMB-0017,LOT-202,SUP-003,FAIL,OUTER_PROFILE,Profile of Outer Bracket Surface,profile,Medium,,,,,0.178,0.0,0.3,,,0.178,0.122,40.7,PASS,A|B|C,QE-Nguyen,2024-03-10
MMB-0017,LOT-202,SUP-003,FAIL,HOLE_DIAMETER,Bolt Hole Diameter,diameter,High,,,,,5.0003,5.0,0.05,4.95,5.05,0.0003,0.0497,99.4,PASS,,QE-Nguyen,2024-03-10
MMB-0017,LOT-202,SUP-003,FAIL,SLOT_WIDTH,Alignment Slot Width,width,Medium,,,,,8.0233,8.0,0.1,7.9,8.1,0.0233,0.0767,76.7,PASS,,QE-Nguyen,2024-03-10
MMB-0017,LOT-202,SUP-003,FAIL,BRACKET_THICKNESS,Bracket Thickness,thickness,Medium,,,,,6.0312,6.0,0.1,5.9,6.1,0.0312,0.0688,68.8,PASS,,QE-Nguyen,2024-03-10
MMB-0018,LOT-202,SUP-003,MRB REVIEW,HOLE_1_POSITION,Hole 1 True Position,position,High,20.0,20.0,19.9686,19.9778,0.077,,0.2,,,0.07691,0.12309,61.5,PASS,A|B|C,QE-Nguyen,2024-03-10
MMB-0018,LOT-202,SUP-003,MRB REVIEW,HOLE_2_POSITION,Hole 2 True Position,position,High,80.0,20.0,79.9165,19.9614,0.1839,,0.2,,,0.18398,0.01602,8.0,BORDERLINE,A|B|C,QE-Nguyen,2024-03-10
MMB-0018,LOT-202,SUP-003,MRB REVIEW,HOLE_3_POSITION,Hole 3 True Position,position,High,20.0,60.0,20.0665,59.9866,0.1356,,0.2,,,0.13567,0.06433,32.2,PASS,A|B|C,QE-Nguyen,2024-03-10
MMB-0018,LOT-202,SUP-003,MRB REVIEW,HOLE_4_POSITION,Hole 4 True Position,position,High,80.0,60.0,79.9809,60.0191,0.0539,,0.2,,,0.05402,0.14598,73.0,PASS,A|B|C,QE-Nguyen,2024-03-10
MMB-0018,LOT-202,SUP-003,MRB REVIEW,MOUNTING_FACE_FLATNESS,Mounting Face Flatness,flatness,High,,,,,0.0008,0.0,0.05,,,0.0008,0.0492,98.4,PASS,A,QE-Nguyen,2024-03-10
MMB-0018,LOT-202,SUP-003,MRB REVIEW,OPP_FACE_PARALLELISM,Opposite Face Parallelism to Datum A,parallelism,High,,,,,0.0834,0.0,0.1,,,0.0834,0.0166,16.6,PASS,A,QE-Nguyen,2024-03-10
MMB-0018,LOT-202,SUP-003,MRB REVIEW,MOTOR_BORE_PERP,Motor Bore Perpendicularity to Datum A,perpendicularity,High,,,,,0.1207,0.0,0.15,,,0.1207,0.0293,19.5,PASS,A,QE-Nguyen,2024-03-10
MMB-0018,LOT-202,SUP-003,MRB REVIEW,OUTER_PROFILE,Profile of Outer Bracket Surface,profile,Medium,,,,,0.1464,0.0,0.3,,,0.1464,0.1536,51.2,PASS,A|B|C,QE-Nguyen,2024-03-10
MMB-0018,LOT-202,SUP-003,MRB REVIEW,HOLE_DIAMETER,Bolt Hole Diameter,diameter,High,,,,,5.033,5.0,0.05,4.95,5.05,0.033,0.017,34.0,PASS,,QE-Nguyen,2024-03-10
MMB-0018,LOT-202,SUP-003,MRB REVIEW,SLOT_WIDTH,Alignment Slot Width,width,Medium,,,,,7.9702,8.0,0.1,7.9,8.1,0.0298,0.0702,70.2,PASS,,QE-Nguyen,2024-03-10
MMB-0018,LOT-202,SUP-003,MRB REVIEW,BRACKET_THICKNESS,Bracket Thickness,thickness,Medium,,,,,6.0511,6.0,0.1,5.9,6.1,0.0511,0.0489,48.9,PASS,,QE-Nguyen,2024-03-10
MMB-0019,LOT-202,SUP-003,MRB REVIEW,HOLE_1_POSITION,Hole 1 True Position,position,High,20.0,20.0,19.9635,19.936,0.1474,,0.2,,,0.14735,0.05265,26.3,PASS,A|B|C,QE-Nguyen,2024-03-10
MMB-0019,LOT-202,SUP-003,MRB REVIEW,HOLE_2_POSITION,Hole 2 True Position,position,High,80.0,20.0,79.9881,20.0936,0.1887,,0.2,,,0.18871,0.01129,5.6,BORDERLINE,A|B|C,QE-Nguyen,2024-03-10
MMB-0019,LOT-202,SUP-003,MRB REVIEW,HOLE_3_POSITION,Hole 3 True Position,position,High,20.0,60.0,19.9992,59.9627,0.0746,,0.2,,,0.07462,0.12538,62.7,PASS,A|B|C,QE-Nguyen,2024-03-10
MMB-0019,LOT-202,SUP-003,MRB REVIEW,HOLE_4_POSITION,Hole 4 True Position,position,High,80.0,60.0,79.9223,59.9937,0.1559,,0.2,,,0.15591,0.04409,22.0,PASS,A|B|C,QE-Nguyen,2024-03-10
MMB-0019,LOT-202,SUP-003,MRB REVIEW,MOUNTING_FACE_FLATNESS,Mounting Face Flatness,flatness,High,,,,,0.0049,0.0,0.05,,,0.0049,0.0451,90.2,PASS,A,QE-Nguyen,2024-03-10
MMB-0019,LOT-202,SUP-003,MRB REVIEW,OPP_FACE_PARALLELISM,Opposite Face Parallelism to Datum A,parallelism,High,,,,,0.016,0.0,0.1,,,0.016,0.084,84.0,PASS,A,QE-Nguyen,2024-03-10
MMB-0019,LOT-202,SUP-003,MRB REVIEW,MOTOR_BORE_PERP,Motor Bore Perpendicularity to Datum A,perpendicularity,High,,,,,0.1317,0.0,0.15,,,0.1317,0.0183,12.2,PASS,A,QE-Nguyen,2024-03-10
MMB-0019,LOT-202,SUP-003,MRB REVIEW,OUTER_PROFILE,Profile of Outer Bracket Surface,profile,Medium,,,,,0.2126,0.0,0.3,,,0.2126,0.0874,29.1,PASS,A|B|C,QE-Nguyen,2024-03-10
MMB-0019,LOT-202,SUP-003,MRB REVIEW,HOLE_DIAMETER,Bolt Hole Diameter,diameter,High,,,,,4.9974,5.0,0.05,4.95,5.05,0.0026,0.0474,94.8,PASS,,QE-Nguyen,2024-03-10
MMB-0019,LOT-202,SUP-003,MRB REVIEW,SLOT_WIDTH,Alignment Slot Width,width,Medium,,,,,7.996,8.0,0.1,7.9,8.1,0.004,0.096,96.0,PASS,,QE-Nguyen,2024-03-10
MMB-0019,LOT-202,SUP-003,MRB REVIEW,BRACKET_THICKNESS,Bracket Thickness,thickness,Medium,,,,,6.0065,6.0,0.1,5.9,6.1,0.0065,0.0935,93.5,PASS,,QE-Nguyen,2024-03-10
MMB-0020,LOT-202,SUP-003,FAIL,HOLE_1_POSITION,Hole 1 True Position,position,High,20.0,20.0,20.1174,20.0202,0.2383,,0.2,,,0.23825,-0.03825,-19.1,FAIL,A|B|C,QE-Nguyen,2024-03-10
MMB-0020,LOT-202,SUP-003,FAIL,HOLE_2_POSITION,Hole 2 True Position,position,High,80.0,20.0,80.0455,19.9899,0.0932,,0.2,,,0.09322,0.10678,53.4,PASS,A|B|C,QE-Nguyen,2024-03-10
MMB-0020,LOT-202,SUP-003,FAIL,HOLE_3_POSITION,Hole 3 True Position,position,High,20.0,60.0,20.0024,60.0259,0.052,,0.2,,,0.05202,0.14798,74.0,PASS,A|B|C,QE-Nguyen,2024-03-10
MMB-0020,LOT-202,SUP-003,FAIL,HOLE_4_POSITION,Hole 4 True Position,position,High,80.0,60.0,80.0076,59.8862,0.2282,,0.2,,,0.22811,-0.02811,-14.1,FAIL,A|B|C,QE-Nguyen,2024-03-10
MMB-0020,LOT-202,SUP-003,FAIL,MOUNTING_FACE_FLATNESS,Mounting Face Flatness,flatness,High,,,,,0.0442,0.0,0.05,,,0.0442,0.0058,11.6,PASS,A,QE-Nguyen,2024-03-10
MMB-0020,LOT-202,SUP-003,FAIL,OPP_FACE_PARALLELISM,Opposite Face Parallelism to Datum A,parallelism,High,,,,,0.0365,0.0,0.1,,,0.0365,0.0635,63.5,PASS,A,QE-Nguyen,2024-03-10
MMB-0020,LOT-202,SUP-003,FAIL,MOTOR_BORE_PERP,Motor Bore Perpendicularity to Datum A,perpendicularity,High,,,,,0.1545,0.0,0.15,,,0.1545,-0.0045,-3.0,FAIL,A,QE-Nguyen,2024-03-10
MMB-0020,LOT-202,SUP-003,FAIL,OUTER_PROFILE,Profile of Outer Bracket Surface,profile,Medium,,,,,0.1681,0.0,0.3,,,0.1681,0.1319,44.0,PASS,A|B|C,QE-Nguyen,2024-03-10
MMB-0020,LOT-202,SUP-003,FAIL,HOLE_DIAMETER,Bolt Hole Diameter,diameter,High,,,,,5.0014,5.0,0.05,4.95,5.05,0.0014,0.0486,97.2,PASS,,QE-Nguyen,2024-03-10
MMB-0020,LOT-202,SUP-003,FAIL,SLOT_WIDTH,Alignment Slot Width,width,Medium,,,,,8.0232,8.0,0.1,7.9,8.1,0.0232,0.0768,76.8,PASS,,QE-Nguyen,2024-03-10
MMB-0020,LOT-202,SUP-003,FAIL,BRACKET_THICKNESS,Bracket Thickness,thickness,Medium,,,,,6.0023,6.0,0.1,5.9,6.1,0.0023,0.0977,97.7,PASS,,QE-Nguyen,2024-03-10
MMB-0021,LOT-203,SUP-003,FAIL,HOLE_1_POSITION,Hole 1 True Position,position,High,20.0,20.0,19.9164,19.8915,0.274,,0.2,,,0.27394,-0.07394,-37.0,FAIL,A|B|C,QE-Patel,2024-04-05
MMB-0021,LOT-203,SUP-003,FAIL,HOLE_2_POSITION,Hole 2 True Position,position,High,80.0,20.0,79.9319,19.8416,0.3449,,0.2,,,0.34484,-0.14484,-72.4,FAIL,A|B|C,QE-Patel,2024-04-05
MMB-0021,LOT-203,SUP-003,FAIL,HOLE_3_POSITION,Hole 3 True Position,position,High,20.0,60.0,20.011,59.957,0.0888,,0.2,,,0.08877,0.11123,55.6,PASS,A|B|C,QE-Patel,2024-04-05
MMB-0021,LOT-203,SUP-003,FAIL,HOLE_4_POSITION,Hole 4 True Position,position,High,80.0,60.0,80.1845,59.8063,0.535,,0.2,,,0.53501,-0.33501,-167.5,FAIL,A|B|C,QE-Patel,2024-04-05
MMB-0021,LOT-203,SUP-003,FAIL,MOUNTING_FACE_FLATNESS,Mounting Face Flatness,flatness,High,,,,,0.1208,0.0,0.05,,,0.1208,-0.0708,-141.6,FAIL,A,QE-Patel,2024-04-05
MMB-0021,LOT-203,SUP-003,FAIL,OPP_FACE_PARALLELISM,Opposite Face Parallelism to Datum A,parallelism,High,,,,,0.0639,0.0,0.1,,,0.0639,0.0361,36.1,PASS,A,QE-Patel,2024-04-05
MMB-0021,LOT-203,SUP-003,FAIL,MOTOR_BORE_PERP,Motor Bore Perpendicularity to Datum A,perpendicularity,High,,,,,0.0512,0.0,0.15,,,0.0512,0.0988,65.9,PASS,A,QE-Patel,2024-04-05
MMB-0021,LOT-203,SUP-003,FAIL,OUTER_PROFILE,Profile of Outer Bracket Surface,profile,Medium,,,,,0.1557,0.0,0.3,,,0.1557,0.1443,48.1,PASS,A|B|C,QE-Patel,2024-04-05
MMB-0021,LOT-203,SUP-003,FAIL,HOLE_DIAMETER,Bolt Hole Diameter,diameter,High,,,,,5.0976,5.0,0.05,4.95,5.05,0.0976,-0.0476,-95.2,FAIL,,QE-Patel,2024-04-05
MMB-0021,LOT-203,SUP-003,FAIL,SLOT_WIDTH,Alignment Slot Width,width,Medium,,,,,8.022,8.0,0.1,7.9,8.1,0.022,0.078,78.0,PASS,,QE-Patel,2024-04-05
MMB-0021,LOT-203,SUP-003,FAIL,BRACKET_THICKNESS,Bracket Thickness,thickness,Medium,,,,,6.0456,6.0,0.1,5.9,6.1,0.0456,0.0544,54.4,PASS,,QE-Patel,2024-04-05
MMB-0022,LOT-203,SUP-003,FAIL,HOLE_1_POSITION,Hole 1 True Position,position,High,20.0,20.0,19.977,19.9887,0.0512,,0.2,,,0.05125,0.14875,74.4,PASS,A|B|C,QE-Patel,2024-04-05
MMB-0022,LOT-203,SUP-003,FAIL,HOLE_2_POSITION,Hole 2 True Position,position,High,80.0,20.0,79.9368,20.0063,0.1271,,0.2,,,0.12703,0.07297,36.5,PASS,A|B|C,QE-Patel,2024-04-05
MMB-0022,LOT-203,SUP-003,FAIL,HOLE_3_POSITION,Hole 3 True Position,position,High,20.0,60.0,20.0495,60.1678,0.3499,,0.2,,,0.3499,-0.1499,-74.9,FAIL,A|B|C,QE-Patel,2024-04-05
MMB-0022,LOT-203,SUP-003,FAIL,HOLE_4_POSITION,Hole 4 True Position,position,High,80.0,60.0,79.7188,60.2416,0.7415,,0.2,,,0.74147,-0.54147,-270.7,FAIL,A|B|C,QE-Patel,2024-04-05
MMB-0022,LOT-203,SUP-003,FAIL,MOUNTING_FACE_FLATNESS,Mounting Face Flatness,flatness,High,,,,,0.0823,0.0,0.05,,,0.0823,-0.0323,-64.6,FAIL,A,QE-Patel,2024-04-05
MMB-0022,LOT-203,SUP-003,FAIL,OPP_FACE_PARALLELISM,Opposite Face Parallelism to Datum A,parallelism,High,,,,,0.1099,0.0,0.1,,,0.1099,-0.0099,-9.9,FAIL,A,QE-Patel,2024-04-05
MMB-0022,LOT-203,SUP-003,FAIL,MOTOR_BORE_PERP,Motor Bore Perpendicularity to Datum A,perpendicularity,High,,,,,0.1202,0.0,0.15,,,0.1202,0.0298,19.9,PASS,A,QE-Patel,2024-04-05
MMB-0022,LOT-203,SUP-003,FAIL,OUTER_PROFILE,Profile of Outer Bracket Surface,profile,Medium,,,,,0.4826,0.0,0.3,,,0.4826,-0.1826,-60.9,FAIL,A|B|C,QE-Patel,2024-04-05
MMB-0022,LOT-203,SUP-003,FAIL,HOLE_DIAMETER,Bolt Hole Diameter,diameter,High,,,,,5.0114,5.0,0.05,4.95,5.05,0.0114,0.0386,77.2,PASS,,QE-Patel,2024-04-05
MMB-0022,LOT-203,SUP-003,FAIL,SLOT_WIDTH,Alignment Slot Width,width,Medium,,,,,7.9099,8.0,0.1,7.9,8.1,0.0901,0.0099,9.9,BORDERLINE,,QE-Patel,2024-04-05
MMB-0022,LOT-203,SUP-003,FAIL,BRACKET_THICKNESS,Bracket Thickness,thickness,Medium,,,,,6.0352,6.0,0.1,5.9,6.1,0.0352,0.0648,64.8,PASS,,QE-Patel,2024-04-05
MMB-0023,LOT-203,SUP-003,FAIL,HOLE_1_POSITION,Hole 1 True Position,position,High,20.0,20.0,20.143,20.1072,0.3576,,0.2,,,0.35744,-0.15744,-78.7,FAIL,A|B|C,QE-Patel,2024-04-05
MMB-0023,LOT-203,SUP-003,FAIL,HOLE_2_POSITION,Hole 2 True Position,position,High,80.0,20.0,79.9216,19.8322,0.3703,,0.2,,,0.37042,-0.17042,-85.2,FAIL,A|B|C,QE-Patel,2024-04-05
MMB-0023,LOT-203,SUP-003,FAIL,HOLE_3_POSITION,Hole 3 True Position,position,High,20.0,60.0,19.9674,60.3254,0.6541,,0.2,,,0.65406,-0.45406,-227.0,FAIL,A|B|C,QE-Patel,2024-04-05
MMB-0023,LOT-203,SUP-003,FAIL,HOLE_4_POSITION,Hole 4 True Position,position,High,80.0,60.0,79.7683,59.8736,0.528,,0.2,,,0.52787,-0.32787,-163.9,FAIL,A|B|C,QE-Patel,2024-04-05
MMB-0023,LOT-203,SUP-003,FAIL,MOUNTING_FACE_FLATNESS,Mounting Face Flatness,flatness,High,,,,,0.0772,0.0,0.05,,,0.0772,-0.0272,-54.4,FAIL,A,QE-Patel,2024-04-05
MMB-0023,LOT-203,SUP-003,FAIL,OPP_FACE_PARALLELISM,Opposite Face Parallelism to Datum A,parallelism,High,,,,,0.1282,0.0,0.1,,,0.1282,-0.0282,-28.2,FAIL,A,QE-Patel,2024-04-05
MMB-0023,LOT-203,SUP-003,FAIL,MOTOR_BORE_PERP,Motor Bore Perpendicularity to Datum A,perpendicularity,High,,,,,0.155,0.0,0.15,,,0.155,-0.005,-3.3,FAIL,A,QE-Patel,2024-04-05
MMB-0023,LOT-203,SUP-003,FAIL,OUTER_PROFILE,Profile of Outer Bracket Surface,profile,Medium,,,,,0.6543,0.0,0.3,,,0.6543,-0.3543,-118.1,FAIL,A|B|C,QE-Patel,2024-04-05
MMB-0023,LOT-203,SUP-003,FAIL,HOLE_DIAMETER,Bolt Hole Diameter,diameter,High,,,,,4.9573,5.0,0.05,4.95,5.05,0.0427,0.0073,14.6,PASS,,QE-Patel,2024-04-05
MMB-0023,LOT-203,SUP-003,FAIL,SLOT_WIDTH,Alignment Slot Width,width,Medium,,,,,8.0239,8.0,0.1,7.9,8.1,0.0239,0.0761,76.1,PASS,,QE-Patel,2024-04-05
MMB-0023,LOT-203,SUP-003,FAIL,BRACKET_THICKNESS,Bracket Thickness,thickness,Medium,,,,,6.0251,6.0,0.1,5.9,6.1,0.0251,0.0749,74.9,PASS,,QE-Patel,2024-04-05
MMB-0024,LOT-203,SUP-003,FAIL,HOLE_1_POSITION,Hole 1 True Position,position,High,20.0,20.0,19.8994,19.8199,0.4125,,0.2,,,0.41258,-0.21258,-106.3,FAIL,A|B|C,QE-Patel,2024-04-05
MMB-0024,LOT-203,SUP-003,FAIL,HOLE_2_POSITION,Hole 2 True Position,position,High,80.0,20.0,80.0337,20.2267,0.4584,,0.2,,,0.45838,-0.25838,-129.2,FAIL,A|B|C,QE-Patel,2024-04-05
MMB-0024,LOT-203,SUP-003,FAIL,HOLE_3_POSITION,Hole 3 True Position,position,High,20.0,60.0,20.0405,60.009,0.0829,,0.2,,,0.08298,0.11702,58.5,PASS,A|B|C,QE-Patel,2024-04-05
MMB-0024,LOT-203,SUP-003,FAIL,HOLE_4_POSITION,Hole 4 True Position,position,High,80.0,60.0,80.0124,59.9612,0.0814,,0.2,,,0.08147,0.11853,59.3,PASS,A|B|C,QE-Patel,2024-04-05
MMB-0024,LOT-203,SUP-003,FAIL,MOUNTING_FACE_FLATNESS,Mounting Face Flatness,flatness,High,,,,,0.1069,0.0,0.05,,,0.1069,-0.0569,-113.8,FAIL,A,QE-Patel,2024-04-05
MMB-0024,LOT-203,SUP-003,FAIL,OPP_FACE_PARALLELISM,Opposite Face Parallelism to Datum A,parallelism,High,,,,,0.0996,0.0,0.1,,,0.0996,0.0004,0.4,BORDERLINE,A,QE-Patel,2024-04-05
MMB-0024,LOT-203,SUP-003,FAIL,MOTOR_BORE_PERP,Motor Bore Perpendicularity to Datum A,perpendicularity,High,,,,,0.0393,0.0,0.15,,,0.0393,0.1107,73.8,PASS,A,QE-Patel,2024-04-05
MMB-0024,LOT-203,SUP-003,FAIL,OUTER_PROFILE,Profile of Outer Bracket Surface,profile,Medium,,,,,0.0232,0.0,0.3,,,0.0232,0.2768,92.3,PASS,A|B|C,QE-Patel,2024-04-05
MMB-0024,LOT-203,SUP-003,FAIL,HOLE_DIAMETER,Bolt Hole Diameter,diameter,High,,,,,5.004,5.0,0.05,4.95,5.05,0.004,0.046,92.0,PASS,,QE-Patel,2024-04-05
MMB-0024,LOT-203,SUP-003,FAIL,SLOT_WIDTH,Alignment Slot Width,width,Medium,,,,,8.1046,8.0,0.1,7.9,8.1,0.1046,-0.0046,-4.6,FAIL,,QE-Patel,2024-04-05
MMB-0024,LOT-203,SUP-003,FAIL,BRACKET_THICKNESS,Bracket Thickness,thickness,Medium,,,,,6.0273,6.0,0.1,5.9,6.1,0.0273,0.0727,72.7,PASS,,QE-Patel,2024-04-05
MMB-0025,LOT-203,SUP-003,FAIL,HOLE_1_POSITION,Hole 1 True Position,position,High,20.0,20.0,19.9603,20.0573,0.1394,,0.2,,,0.13942,0.06058,30.3,PASS,A|B|C,QE-Patel,2024-04-05
MMB-0025,LOT-203,SUP-003,FAIL,HOLE_2_POSITION,Hole 2 True Position,position,High,80.0,20.0,80.0233,20.1033,0.2117,,0.2,,,0.21179,-0.01179,-5.9,FAIL,A|B|C,QE-Patel,2024-04-05
MMB-0025,LOT-203,SUP-003,FAIL,HOLE_3_POSITION,Hole 3 True Position,position,High,20.0,60.0,20.1327,59.9046,0.3268,,0.2,,,0.32687,-0.12687,-63.4,FAIL,A|B|C,QE-Patel,2024-04-05
MMB-0025,LOT-203,SUP-003,FAIL,HOLE_4_POSITION,Hole 4 True Position,position,High,80.0,60.0,79.6491,59.9473,0.7098,,0.2,,,0.70967,-0.50967,-254.8,FAIL,A|B|C,QE-Patel,2024-04-05
MMB-0025,LOT-203,SUP-003,FAIL,MOUNTING_FACE_FLATNESS,Mounting Face Flatness,flatness,High,,,,,0.0243,0.0,0.05,,,0.0243,0.0257,51.4,PASS,A,QE-Patel,2024-04-05
MMB-0025,LOT-203,SUP-003,FAIL,OPP_FACE_PARALLELISM,Opposite Face Parallelism to Datum A,parallelism,High,,,,,0.1999,0.0,0.1,,,0.1999,-0.0999,-99.9,FAIL,A,QE-Patel,2024-04-05
MMB-0025,LOT-203,SUP-003,FAIL,MOTOR_BORE_PERP,Motor Bore Perpendicularity to Datum A,perpendicularity,High,,,,,0.1026,0.0,0.15,,,0.1026,0.0474,31.6,PASS,A,QE-Patel,2024-04-05
MMB-0025,LOT-203,SUP-003,FAIL,OUTER_PROFILE,Profile of Outer Bracket Surface,profile,Medium,,,,,0.0283,0.0,0.3,,,0.0283,0.2717,90.6,PASS,A|B|C,QE-Patel,2024-04-05
MMB-0025,LOT-203,SUP-003,FAIL,HOLE_DIAMETER,Bolt Hole Diameter,diameter,High,,,,,4.9713,5.0,0.05,4.95,5.05,0.0287,0.0213,42.6,PASS,,QE-Patel,2024-04-05
MMB-0025,LOT-203,SUP-003,FAIL,SLOT_WIDTH,Alignment Slot Width,width,Medium,,,,,7.9131,8.0,0.1,7.9,8.1,0.0869,0.0131,13.1,PASS,,QE-Patel,2024-04-05
MMB-0025,LOT-203,SUP-003,FAIL,BRACKET_THICKNESS,Bracket Thickness,thickness,Medium,,,,,6.1119,6.0,0.1,5.9,6.1,0.1119,-0.0119,-11.9,FAIL,,QE-Patel,2024-04-05
MMB-0026,LOT-203,SUP-003,FAIL,HOLE_1_POSITION,Hole 1 True Position,position,High,20.0,20.0,20.059,20.0809,0.2003,,0.2,,,0.20026,-0.00026,-0.1,FAIL,A|B|C,QE-Patel,2024-04-05
MMB-0026,LOT-203,SUP-003,FAIL,HOLE_2_POSITION,Hole 2 True Position,position,High,80.0,20.0,80.067,20.105,0.2492,,0.2,,,0.24911,-0.04911,-24.6,FAIL,A|B|C,QE-Patel,2024-04-05
MMB-0026,LOT-203,SUP-003,FAIL,HOLE_3_POSITION,Hole 3 True Position,position,High,20.0,60.0,20.1133,59.946,0.2511,,0.2,,,0.25102,-0.05102,-25.5,FAIL,A|B|C,QE-Patel,2024-04-05
MMB-0026,LOT-203,SUP-003,FAIL,HOLE_4_POSITION,Hole 4 True Position,position,High,80.0,60.0,79.787,59.873,0.496,,0.2,,,0.49598,-0.29598,-148.0,FAIL,A|B|C,QE-Patel,2024-04-05
MMB-0026,LOT-203,SUP-003,FAIL,MOUNTING_FACE_FLATNESS,Mounting Face Flatness,flatness,High,,,,,0.0608,0.0,0.05,,,0.0608,-0.0108,-21.6,FAIL,A,QE-Patel,2024-04-05
MMB-0026,LOT-203,SUP-003,FAIL,OPP_FACE_PARALLELISM,Opposite Face Parallelism to Datum A,parallelism,High,,,,,0.0548,0.0,0.1,,,0.0548,0.0452,45.2,PASS,A,QE-Patel,2024-04-05
MMB-0026,LOT-203,SUP-003,FAIL,MOTOR_BORE_PERP,Motor Bore Perpendicularity to Datum A,perpendicularity,High,,,,,0.2893,0.0,0.15,,,0.2893,-0.1393,-92.9,FAIL,A,QE-Patel,2024-04-05
MMB-0026,LOT-203,SUP-003,FAIL,OUTER_PROFILE,Profile of Outer Bracket Surface,profile,Medium,,,,,0.0319,0.0,0.3,,,0.0319,0.2681,89.4,PASS,A|B|C,QE-Patel,2024-04-05
MMB-0026,LOT-203,SUP-003,FAIL,HOLE_DIAMETER,Bolt Hole Diameter,diameter,High,,,,,5.03,5.0,0.05,4.95,5.05,0.03,0.02,40.0,PASS,,QE-Patel,2024-04-05
MMB-0026,LOT-203,SUP-003,FAIL,SLOT_WIDTH,Alignment Slot Width,width,Medium,,,,,8.0124,8.0,0.1,7.9,8.1,0.0124,0.0876,87.6,PASS,,QE-Patel,2024-04-05
MMB-0026,LOT-203,SUP-003,FAIL,BRACKET_THICKNESS,Bracket Thickness,thickness,Medium,,,,,6.0303,6.0,0.1,5.9,6.1,0.0303,0.0697,69.7,PASS,,QE-Patel,2024-04-05
MMB-0027,LOT-203,SUP-003,FAIL,HOLE_1_POSITION,Hole 1 True Position,position,High,20.0,20.0,19.941,20.0272,0.1299,,0.2,,,0.12994,0.07006,35.0,PASS,A|B|C,QE-Patel,2024-04-05
MMB-0027,LOT-203,SUP-003,FAIL,HOLE_2_POSITION,Hole 2 True Position,position,High,80.0,20.0,79.941,19.9305,0.1823,,0.2,,,0.18233,0.01767,8.8,BORDERLINE,A|B|C,QE-Patel,2024-04-05
MMB-0027,LOT-203,SUP-003,FAIL,HOLE_3_POSITION,Hole 3 True Position,position,High,20.0,60.0,19.9103,60.1526,0.354,,0.2,,,0.35402,-0.15402,-77.0,FAIL,A|B|C,QE-Patel,2024-04-05
MMB-0027,LOT-203,SUP-003,FAIL,HOLE_4_POSITION,Hole 4 True Position,position,High,80.0,60.0,80.055,60.0314,0.1268,,0.2,,,0.12666,0.07334,36.7,PASS,A|B|C,QE-Patel,2024-04-05
MMB-0027,LOT-203,SUP-003,FAIL,MOUNTING_FACE_FLATNESS,Mounting Face Flatness,flatness,High,,,,,0.0297,0.0,0.05,,,0.0297,0.0203,40.6,PASS,A,QE-Patel,2024-04-05
MMB-0027,LOT-203,SUP-003,FAIL,OPP_FACE_PARALLELISM,Opposite Face Parallelism to Datum A,parallelism,High,,,,,0.1199,0.0,0.1,,,0.1199,-0.0199,-19.9,FAIL,A,QE-Patel,2024-04-05
MMB-0027,LOT-203,SUP-003,FAIL,MOTOR_BORE_PERP,Motor Bore Perpendicularity to Datum A,perpendicularity,High,,,,,0.0763,0.0,0.15,,,0.0763,0.0737,49.1,PASS,A,QE-Patel,2024-04-05
MMB-0027,LOT-203,SUP-003,FAIL,OUTER_PROFILE,Profile of Outer Bracket Surface,profile,Medium,,,,,0.214,0.0,0.3,,,0.214,0.086,28.7,PASS,A|B|C,QE-Patel,2024-04-05
MMB-0027,LOT-203,SUP-003,FAIL,HOLE_DIAMETER,Bolt Hole Diameter,diameter,High,,,,,4.9395,5.0,0.05,4.95,5.05,0.0605,-0.0105,-21.0,FAIL,,QE-Patel,2024-04-05
MMB-0027,LOT-203,SUP-003,FAIL,SLOT_WIDTH,Alignment Slot Width,width,Medium,,,,,8.1442,8.0,0.1,7.9,8.1,0.1442,-0.0442,-44.2,FAIL,,QE-Patel,2024-04-05
MMB-0027,LOT-203,SUP-003,FAIL,BRACKET_THICKNESS,Bracket Thickness,thickness,Medium,,,,,5.9652,6.0,0.1,5.9,6.1,0.0348,0.0652,65.2,PASS,,QE-Patel,2024-04-05
MMB-0028,LOT-203,SUP-003,FAIL,HOLE_1_POSITION,Hole 1 True Position,position,High,20.0,20.0,19.8906,19.8343,0.3971,,0.2,,,0.39711,-0.19711,-98.6,FAIL,A|B|C,QE-Patel,2024-04-05
MMB-0028,LOT-203,SUP-003,FAIL,HOLE_2_POSITION,Hole 2 True Position,position,High,80.0,20.0,79.9036,19.9381,0.2291,,0.2,,,0.22913,-0.02913,-14.6,FAIL,A|B|C,QE-Patel,2024-04-05
MMB-0028,LOT-203,SUP-003,FAIL,HOLE_3_POSITION,Hole 3 True Position,position,High,20.0,60.0,19.9951,59.9355,0.1294,,0.2,,,0.12937,0.07063,35.3,PASS,A|B|C,QE-Patel,2024-04-05
MMB-0028,LOT-203,SUP-003,FAIL,HOLE_4_POSITION,Hole 4 True Position,position,High,80.0,60.0,79.7599,59.7728,0.6611,,0.2,,,0.66111,-0.46111,-230.6,FAIL,A|B|C,QE-Patel,2024-04-05
MMB-0028,LOT-203,SUP-003,FAIL,MOUNTING_FACE_FLATNESS,Mounting Face Flatness,flatness,High,,,,,0.088,0.0,0.05,,,0.088,-0.038,-76.0,FAIL,A,QE-Patel,2024-04-05
MMB-0028,LOT-203,SUP-003,FAIL,OPP_FACE_PARALLELISM,Opposite Face Parallelism to Datum A,parallelism,High,,,,,0.1283,0.0,0.1,,,0.1283,-0.0283,-28.3,FAIL,A,QE-Patel,2024-04-05
MMB-0028,LOT-203,SUP-003,FAIL,MOTOR_BORE_PERP,Motor Bore Perpendicularity to Datum A,perpendicularity,High,,,,,0.2399,0.0,0.15,,,0.2399,-0.0899,-59.9,FAIL,A,QE-Patel,2024-04-05
MMB-0028,LOT-203,SUP-003,FAIL,OUTER_PROFILE,Profile of Outer Bracket Surface,profile,Medium,,,,,0.4365,0.0,0.3,,,0.4365,-0.1365,-45.5,FAIL,A|B|C,QE-Patel,2024-04-05
MMB-0028,LOT-203,SUP-003,FAIL,HOLE_DIAMETER,Bolt Hole Diameter,diameter,High,,,,,5.0076,5.0,0.05,4.95,5.05,0.0076,0.0424,84.8,PASS,,QE-Patel,2024-04-05
MMB-0028,LOT-203,SUP-003,FAIL,SLOT_WIDTH,Alignment Slot Width,width,Medium,,,,,7.9326,8.0,0.1,7.9,8.1,0.0674,0.0326,32.6,PASS,,QE-Patel,2024-04-05
MMB-0028,LOT-203,SUP-003,FAIL,BRACKET_THICKNESS,Bracket Thickness,thickness,Medium,,,,,6.0243,6.0,0.1,5.9,6.1,0.0243,0.0757,75.7,PASS,,QE-Patel,2024-04-05
MMB-0029,LOT-203,SUP-003,FAIL,HOLE_1_POSITION,Hole 1 True Position,position,High,20.0,20.0,20.1749,19.9441,0.3673,,0.2,,,0.36723,-0.16723,-83.6,FAIL,A|B|C,QE-Patel,2024-04-05
MMB-0029,LOT-203,SUP-003,FAIL,HOLE_2_POSITION,Hole 2 True Position,position,High,80.0,20.0,80.0426,19.9983,0.0852,,0.2,,,0.08527,0.11473,57.4,PASS,A|B|C,QE-Patel,2024-04-05
MMB-0029,LOT-203,SUP-003,FAIL,HOLE_3_POSITION,Hole 3 True Position,position,High,20.0,60.0,20.1372,59.9322,0.3061,,0.2,,,0.30608,-0.10608,-53.0,FAIL,A|B|C,QE-Patel,2024-04-05
MMB-0029,LOT-203,SUP-003,FAIL,HOLE_4_POSITION,Hole 4 True Position,position,High,80.0,60.0,80.173,59.9437,0.3639,,0.2,,,0.36386,-0.16386,-81.9,FAIL,A|B|C,QE-Patel,2024-04-05
MMB-0029,LOT-203,SUP-003,FAIL,MOUNTING_FACE_FLATNESS,Mounting Face Flatness,flatness,High,,,,,0.0365,0.0,0.05,,,0.0365,0.0135,27.0,PASS,A,QE-Patel,2024-04-05
MMB-0029,LOT-203,SUP-003,FAIL,OPP_FACE_PARALLELISM,Opposite Face Parallelism to Datum A,parallelism,High,,,,,0.1457,0.0,0.1,,,0.1457,-0.0457,-45.7,FAIL,A,QE-Patel,2024-04-05
MMB-0029,LOT-203,SUP-003,FAIL,MOTOR_BORE_PERP,Motor Bore Perpendicularity to Datum A,perpendicularity,High,,,,,0.2092,0.0,0.15,,,0.2092,-0.0592,-39.5,FAIL,A,QE-Patel,2024-04-05
MMB-0029,LOT-203,SUP-003,FAIL,OUTER_PROFILE,Profile of Outer Bracket Surface,profile,Medium,,,,,0.6345,0.0,0.3,,,0.6345,-0.3345,-111.5,FAIL,A|B|C,QE-Patel,2024-04-05
MMB-0029,LOT-203,SUP-003,FAIL,HOLE_DIAMETER,Bolt Hole Diameter,diameter,High,,,,,5.016,5.0,0.05,4.95,5.05,0.016,0.034,68.0,PASS,,QE-Patel,2024-04-05
MMB-0029,LOT-203,SUP-003,FAIL,SLOT_WIDTH,Alignment Slot Width,width,Medium,,,,,8.0395,8.0,0.1,7.9,8.1,0.0395,0.0605,60.5,PASS,,QE-Patel,2024-04-05
MMB-0029,LOT-203,SUP-003,FAIL,BRACKET_THICKNESS,Bracket Thickness,thickness,Medium,,,,,6.1123,6.0,0.1,5.9,6.1,0.1123,-0.0123,-12.3,FAIL,,QE-Patel,2024-04-05
MMB-0030,LOT-203,SUP-003,FAIL,HOLE_1_POSITION,Hole 1 True Position,position,High,20.0,20.0,20.0751,19.9195,0.2203,,0.2,,,0.22018,-0.02018,-10.1,FAIL,A|B|C,QE-Patel,2024-04-05
MMB-0030,LOT-203,SUP-003,FAIL,HOLE_2_POSITION,Hole 2 True Position,position,High,80.0,20.0,80.1695,19.9075,0.3861,,0.2,,,0.38619,-0.18619,-93.1,FAIL,A|B|C,QE-Patel,2024-04-05
MMB-0030,LOT-203,SUP-003,FAIL,HOLE_3_POSITION,Hole 3 True Position,position,High,20.0,60.0,19.9351,59.9151,0.2137,,0.2,,,0.21373,-0.01373,-6.9,FAIL,A|B|C,QE-Patel,2024-04-05
MMB-0030,LOT-203,SUP-003,FAIL,HOLE_4_POSITION,Hole 4 True Position,position,High,80.0,60.0,79.8596,60.05,0.2981,,0.2,,,0.29807,-0.09807,-49.0,FAIL,A|B|C,QE-Patel,2024-04-05
MMB-0030,LOT-203,SUP-003,FAIL,MOUNTING_FACE_FLATNESS,Mounting Face Flatness,flatness,High,,,,,0.0528,0.0,0.05,,,0.0528,-0.0028,-5.6,FAIL,A,QE-Patel,2024-04-05
MMB-0030,LOT-203,SUP-003,FAIL,OPP_FACE_PARALLELISM,Opposite Face Parallelism to Datum A,parallelism,High,,,,,0.1234,0.0,0.1,,,0.1234,-0.0234,-23.4,FAIL,A,QE-Patel,2024-04-05
MMB-0030,LOT-203,SUP-003,FAIL,MOTOR_BORE_PERP,Motor Bore Perpendicularity to Datum A,perpendicularity,High,,,,,0.1482,0.0,0.15,,,0.1482,0.0018,1.2,BORDERLINE,A,QE-Patel,2024-04-05
MMB-0030,LOT-203,SUP-003,FAIL,OUTER_PROFILE,Profile of Outer Bracket Surface,profile,Medium,,,,,0.2094,0.0,0.3,,,0.2094,0.0906,30.2,PASS,A|B|C,QE-Patel,2024-04-05
MMB-0030,LOT-203,SUP-003,FAIL,HOLE_DIAMETER,Bolt Hole Diameter,diameter,High,,,,,5.0446,5.0,0.05,4.95,5.05,0.0446,0.0054,10.8,PASS,,QE-Patel,2024-04-05
MMB-0030,LOT-203,SUP-003,FAIL,SLOT_WIDTH,Alignment Slot Width,width,Medium,,,,,7.9828,8.0,0.1,7.9,8.1,0.0172,0.0828,82.8,PASS,,QE-Patel,2024-04-05
MMB-0030,LOT-203,SUP-003,FAIL,BRACKET_THICKNESS,Bracket Thickness,thickness,Medium,,,,,6.1712,6.0,0.1,5.9,6.1,0.1712,-0.0712,-71.2,FAIL,,QE-Patel,2024-04-05
MMB-0031,LOT-204,SUP-003,FAIL,HOLE_1_POSITION,Hole 1 True Position,position,High,20.0,20.0,20.0323,20.0684,0.1513,,0.2,,,0.15129,0.04871,24.4,PASS,A|B|C,QE-Nguyen,2024-05-20
MMB-0031,LOT-204,SUP-003,FAIL,HOLE_2_POSITION,Hole 2 True Position,position,High,80.0,20.0,79.9518,20.0343,0.1184,,0.2,,,0.11832,0.08168,40.8,PASS,A|B|C,QE-Nguyen,2024-05-20
MMB-0031,LOT-204,SUP-003,FAIL,HOLE_3_POSITION,Hole 3 True Position,position,High,20.0,60.0,20.0423,59.9297,0.1642,,0.2,,,0.16409,0.03591,18.0,PASS,A|B|C,QE-Nguyen,2024-05-20
MMB-0031,LOT-204,SUP-003,FAIL,HOLE_4_POSITION,Hole 4 True Position,position,High,80.0,60.0,79.929,59.8776,0.2829,,0.2,,,0.283,-0.083,-41.5,FAIL,A|B|C,QE-Nguyen,2024-05-20
MMB-0031,LOT-204,SUP-003,FAIL,MOUNTING_FACE_FLATNESS,Mounting Face Flatness,flatness,High,,,,,0.021,0.0,0.05,,,0.021,0.029,58.0,PASS,A,QE-Nguyen,2024-05-20
MMB-0031,LOT-204,SUP-003,FAIL,OPP_FACE_PARALLELISM,Opposite Face Parallelism to Datum A,parallelism,High,,,,,0.0765,0.0,0.1,,,0.0765,0.0235,23.5,PASS,A,QE-Nguyen,2024-05-20
MMB-0031,LOT-204,SUP-003,FAIL,MOTOR_BORE_PERP,Motor Bore Perpendicularity to Datum A,perpendicularity,High,,,,,0.1301,0.0,0.15,,,0.1301,0.0199,13.3,PASS,A,QE-Nguyen,2024-05-20
MMB-0031,LOT-204,SUP-003,FAIL,OUTER_PROFILE,Profile of Outer Bracket Surface,profile,Medium,,,,,0.1252,0.0,0.3,,,0.1252,0.1748,58.3,PASS,A|B|C,QE-Nguyen,2024-05-20
MMB-0031,LOT-204,SUP-003,FAIL,HOLE_DIAMETER,Bolt Hole Diameter,diameter,High,,,,,5.0326,5.0,0.05,4.95,5.05,0.0326,0.0174,34.8,PASS,,QE-Nguyen,2024-05-20
MMB-0031,LOT-204,SUP-003,FAIL,SLOT_WIDTH,Alignment Slot Width,width,Medium,,,,,7.9686,8.0,0.1,7.9,8.1,0.0314,0.0686,68.6,PASS,,QE-Nguyen,2024-05-20
MMB-0031,LOT-204,SUP-003,FAIL,BRACKET_THICKNESS,Bracket Thickness,thickness,Medium,,,,,5.9624,6.0,0.1,5.9,6.1,0.0376,0.0624,62.4,PASS,,QE-Nguyen,2024-05-20
MMB-0032,LOT-204,SUP-003,FAIL,HOLE_1_POSITION,Hole 1 True Position,position,High,20.0,20.0,19.9972,20.0192,0.0388,,0.2,,,0.03881,0.16119,80.6,PASS,A|B|C,QE-Nguyen,2024-05-20
MMB-0032,LOT-204,SUP-003,FAIL,HOLE_2_POSITION,Hole 2 True Position,position,High,80.0,20.0,79.9984,19.8966,0.2068,,0.2,,,0.20682,-0.00682,-3.4,FAIL,A|B|C,QE-Nguyen,2024-05-20
MMB-0032,LOT-204,SUP-003,FAIL,HOLE_3_POSITION,Hole 3 True Position,position,High,20.0,60.0,19.9964,59.9478,0.1046,,0.2,,,0.10465,0.09535,47.7,PASS,A|B|C,QE-Nguyen,2024-05-20
MMB-0032,LOT-204,SUP-003,FAIL,HOLE_4_POSITION,Hole 4 True Position,position,High,80.0,60.0,80.0402,60.022,0.0916,,0.2,,,0.09165,0.10835,54.2,PASS,A|B|C,QE-Nguyen,2024-05-20
MMB-0032,LOT-204,SUP-003,FAIL,MOUNTING_FACE_FLATNESS,Mounting Face Flatness,flatness,High,,,,,0.0109,0.0,0.05,,,0.0109,0.0391,78.2,PASS,A,QE-Nguyen,2024-05-20
MMB-0032,LOT-204,SUP-003,FAIL,OPP_FACE_PARALLELISM,Opposite Face Parallelism to Datum A,parallelism,High,,,,,0.0396,0.0,0.1,,,0.0396,0.0604,60.4,PASS,A,QE-Nguyen,2024-05-20
MMB-0032,LOT-204,SUP-003,FAIL,MOTOR_BORE_PERP,Motor Bore Perpendicularity to Datum A,perpendicularity,High,,,,,0.0276,0.0,0.15,,,0.0276,0.1224,81.6,PASS,A,QE-Nguyen,2024-05-20
MMB-0032,LOT-204,SUP-003,FAIL,OUTER_PROFILE,Profile of Outer Bracket Surface,profile,Medium,,,,,0.1156,0.0,0.3,,,0.1156,0.1844,61.5,PASS,A|B|C,QE-Nguyen,2024-05-20
MMB-0032,LOT-204,SUP-003,FAIL,HOLE_DIAMETER,Bolt Hole Diameter,diameter,High,,,,,5.0191,5.0,0.05,4.95,5.05,0.0191,0.0309,61.8,PASS,,QE-Nguyen,2024-05-20
MMB-0032,LOT-204,SUP-003,FAIL,SLOT_WIDTH,Alignment Slot Width,width,Medium,,,,,7.9804,8.0,0.1,7.9,8.1,0.0196,0.0804,80.4,PASS,,QE-Nguyen,2024-05-20
MMB-0032,LOT-204,SUP-003,FAIL,BRACKET_THICKNESS,Bracket Thickness,thickness,Medium,,,,,6.0176,6.0,0.1,5.9,6.1,0.0176,0.0824,82.4,PASS,,QE-Nguyen,2024-05-20
MMB-0033,LOT-204,SUP-003,FAIL,HOLE_1_POSITION,Hole 1 True Position,position,High,20.0,20.0,19.9735,19.9604,0.0954,,0.2,,,0.0953,0.1047,52.4,PASS,A|B|C,QE-Nguyen,2024-05-20
MMB-0033,LOT-204,SUP-003,FAIL,HOLE_2_POSITION,Hole 2 True Position,position,High,80.0,20.0,79.9946,19.9482,0.1041,,0.2,,,0.10416,0.09584,47.9,PASS,A|B|C,QE-Nguyen,2024-05-20
MMB-0033,LOT-204,SUP-003,FAIL,HOLE_3_POSITION,Hole 3 True Position,position,High,20.0,60.0,19.9779,59.9521,0.1056,,0.2,,,0.1055,0.0945,47.2,PASS,A|B|C,QE-Nguyen,2024-05-20
MMB-0033,LOT-204,SUP-003,FAIL,HOLE_4_POSITION,Hole 4 True Position,position,High,80.0,60.0,80.1179,60.0021,0.2358,,0.2,,,0.23584,-0.03584,-17.9,FAIL,A|B|C,QE-Nguyen,2024-05-20
MMB-0033,LOT-204,SUP-003,FAIL,MOUNTING_FACE_FLATNESS,Mounting Face Flatness,flatness,High,,,,,0.0145,0.0,0.05,,,0.0145,0.0355,71.0,PASS,A,QE-Nguyen,2024-05-20
MMB-0033,LOT-204,SUP-003,FAIL,OPP_FACE_PARALLELISM,Opposite Face Parallelism to Datum A,parallelism,High,,,,,0.0614,0.0,0.1,,,0.0614,0.0386,38.6,PASS,A,QE-Nguyen,2024-05-20
MMB-0033,LOT-204,SUP-003,FAIL,MOTOR_BORE_PERP,Motor Bore Perpendicularity to Datum A,perpendicularity,High,,,,,0.0655,0.0,0.15,,,0.0655,0.0845,56.3,PASS,A,QE-Nguyen,2024-05-20
MMB-0033,LOT-204,SUP-003,FAIL,OUTER_PROFILE,Profile of Outer Bracket Surface,profile,Medium,,,,,0.1045,0.0,0.3,,,0.1045,0.1955,65.2,PASS,A|B|C,QE-Nguyen,2024-05-20
MMB-0033,LOT-204,SUP-003,FAIL,HOLE_DIAMETER,Bolt Hole Diameter,diameter,High,,,,,5.0123,5.0,0.05,4.95,5.05,0.0123,0.0377,75.4,PASS,,QE-Nguyen,2024-05-20
MMB-0033,LOT-204,SUP-003,FAIL,SLOT_WIDTH,Alignment Slot Width,width,Medium,,,,,8.0327,8.0,0.1,7.9,8.1,0.0327,0.0673,67.3,PASS,,QE-Nguyen,2024-05-20
MMB-0033,LOT-204,SUP-003,FAIL,BRACKET_THICKNESS,Bracket Thickness,thickness,Medium,,,,,5.9917,6.0,0.1,5.9,6.1,0.0083,0.0917,91.7,PASS,,QE-Nguyen,2024-05-20
MMB-0034,LOT-204,SUP-003,FAIL,HOLE_1_POSITION,Hole 1 True Position,position,High,20.0,20.0,19.9712,19.9862,0.0638,,0.2,,,0.06387,0.13613,68.1,PASS,A|B|C,QE-Nguyen,2024-05-20
MMB-0034,LOT-204,SUP-003,FAIL,HOLE_2_POSITION,Hole 2 True Position,position,High,80.0,20.0,79.8849,19.9242,0.2756,,0.2,,,0.27563,-0.07563,-37.8,FAIL,A|B|C,QE-Nguyen,2024-05-20
MMB-0034,LOT-204,SUP-003,FAIL,HOLE_3_POSITION,Hole 3 True Position,position,High,20.0,60.0,20.0547,60.0658,0.1711,,0.2,,,0.17113,0.02887,14.4,PASS,A|B|C,QE-Nguyen,2024-05-20
MMB-0034,LOT-204,SUP-003,FAIL,HOLE_4_POSITION,Hole 4 True Position,position,High,80.0,60.0,79.9851,60.0346,0.0754,,0.2,,,0.07534,0.12466,62.3,PASS,A|B|C,QE-Nguyen,2024-05-20
MMB-0034,LOT-204,SUP-003,FAIL,MOUNTING_FACE_FLATNESS,Mounting Face Flatness,flatness,High,,,,,0.0297,0.0,0.05,,,0.0297,0.0203,40.6,PASS,A,QE-Nguyen,2024-05-20
MMB-0034,LOT-204,SUP-003,FAIL,OPP_FACE_PARALLELISM,Opposite Face Parallelism to Datum A,parallelism,High,,,,,0.1474,0.0,0.1,,,0.1474,-0.0474,-47.4,FAIL,A,QE-Nguyen,2024-05-20
MMB-0034,LOT-204,SUP-003,FAIL,MOTOR_BORE_PERP,Motor Bore Perpendicularity to Datum A,perpendicularity,High,,,,,0.1148,0.0,0.15,,,0.1148,0.0352,23.5,PASS,A,QE-Nguyen,2024-05-20
MMB-0034,LOT-204,SUP-003,FAIL,OUTER_PROFILE,Profile of Outer Bracket Surface,profile,Medium,,,,,0.111,0.0,0.3,,,0.111,0.189,63.0,PASS,A|B|C,QE-Nguyen,2024-05-20
MMB-0034,LOT-204,SUP-003,FAIL,HOLE_DIAMETER,Bolt Hole Diameter,diameter,High,,,,,4.9809,5.0,0.05,4.95,5.05,0.0191,0.0309,61.8,PASS,,QE-Nguyen,2024-05-20
MMB-0034,LOT-204,SUP-003,FAIL,SLOT_WIDTH,Alignment Slot Width,width,Medium,,,,,7.9618,8.0,0.1,7.9,8.1,0.0382,0.0618,61.8,PASS,,QE-Nguyen,2024-05-20
MMB-0034,LOT-204,SUP-003,FAIL,BRACKET_THICKNESS,Bracket Thickness,thickness,Medium,,,,,6.0101,6.0,0.1,5.9,6.1,0.0101,0.0899,89.9,PASS,,QE-Nguyen,2024-05-20
MMB-0035,LOT-204,SUP-003,PASS,HOLE_1_POSITION,Hole 1 True Position,position,High,20.0,20.0,19.9622,19.9289,0.1611,,0.2,,,0.16105,0.03895,19.5,PASS,A|B|C,QE-Nguyen,2024-05-20
MMB-0035,LOT-204,SUP-003,PASS,HOLE_2_POSITION,Hole 2 True Position,position,High,80.0,20.0,79.9677,19.9459,0.126,,0.2,,,0.12602,0.07398,37.0,PASS,A|B|C,QE-Nguyen,2024-05-20
MMB-0035,LOT-204,SUP-003,PASS,HOLE_3_POSITION,Hole 3 True Position,position,High,20.0,60.0,20.0675,60.0353,0.1523,,0.2,,,0.15235,0.04765,23.8,PASS,A|B|C,QE-Nguyen,2024-05-20
MMB-0035,LOT-204,SUP-003,PASS,HOLE_4_POSITION,Hole 4 True Position,position,High,80.0,60.0,79.9995,60.0888,0.1776,,0.2,,,0.1776,0.0224,11.2,PASS,A|B|C,QE-Nguyen,2024-05-20
MMB-0035,LOT-204,SUP-003,PASS,MOUNTING_FACE_FLATNESS,Mounting Face Flatness,flatness,High,,,,,0.0262,0.0,0.05,,,0.0262,0.0238,47.6,PASS,A,QE-Nguyen,2024-05-20
MMB-0035,LOT-204,SUP-003,PASS,OPP_FACE_PARALLELISM,Opposite Face Parallelism to Datum A,parallelism,High,,,,,0.0292,0.0,0.1,,,0.0292,0.0708,70.8,PASS,A,QE-Nguyen,2024-05-20
MMB-0035,LOT-204,SUP-003,PASS,MOTOR_BORE_PERP,Motor Bore Perpendicularity to Datum A,perpendicularity,High,,,,,0.1309,0.0,0.15,,,0.1309,0.0191,12.7,PASS,A,QE-Nguyen,2024-05-20
MMB-0035,LOT-204,SUP-003,PASS,OUTER_PROFILE,Profile of Outer Bracket Surface,profile,Medium,,,,,0.1577,0.0,0.3,,,0.1577,0.1423,47.4,PASS,A|B|C,QE-Nguyen,2024-05-20
MMB-0035,LOT-204,SUP-003,PASS,HOLE_DIAMETER,Bolt Hole Diameter,diameter,High,,,,,4.9793,5.0,0.05,4.95,5.05,0.0207,0.0293,58.6,PASS,,QE-Nguyen,2024-05-20
MMB-0035,LOT-204,SUP-003,PASS,SLOT_WIDTH,Alignment Slot Width,width,Medium,,,,,8.0043,8.0,0.1,7.9,8.1,0.0043,0.0957,95.7,PASS,,QE-Nguyen,2024-05-20
MMB-0035,LOT-204,SUP-003,PASS,BRACKET_THICKNESS,Bracket Thickness,thickness,Medium,,,,,5.9831,6.0,0.1,5.9,6.1,0.0169,0.0831,83.1,PASS,,QE-Nguyen,2024-05-20
MMB-0036,LOT-204,SUP-003,FAIL,HOLE_1_POSITION,Hole 1 True Position,position,High,20.0,20.0,19.9309,20.0463,0.1664,,0.2,,,0.16636,0.03364,16.8,PASS,A|B|C,QE-Nguyen,2024-05-20
MMB-0036,LOT-204,SUP-003,FAIL,HOLE_2_POSITION,Hole 2 True Position,position,High,80.0,20.0,80.0955,19.9301,0.2367,,0.2,,,0.2367,-0.0367,-18.4,FAIL,A|B|C,QE-Nguyen,2024-05-20
MMB-0036,LOT-204,SUP-003,FAIL,HOLE_3_POSITION,Hole 3 True Position,position,High,20.0,60.0,20.0225,59.974,0.0688,,0.2,,,0.06877,0.13123,65.6,PASS,A|B|C,QE-Nguyen,2024-05-20
MMB-0036,LOT-204,SUP-003,FAIL,HOLE_4_POSITION,Hole 4 True Position,position,High,80.0,60.0,79.9708,59.9645,0.092,,0.2,,,0.09193,0.10807,54.0,PASS,A|B|C,QE-Nguyen,2024-05-20
MMB-0036,LOT-204,SUP-003,FAIL,MOUNTING_FACE_FLATNESS,Mounting Face Flatness,flatness,High,,,,,0.012,0.0,0.05,,,0.012,0.038,76.0,PASS,A,QE-Nguyen,2024-05-20
MMB-0036,LOT-204,SUP-003,FAIL,OPP_FACE_PARALLELISM,Opposite Face Parallelism to Datum A,parallelism,High,,,,,0.0565,0.0,0.1,,,0.0565,0.0435,43.5,PASS,A,QE-Nguyen,2024-05-20
MMB-0036,LOT-204,SUP-003,FAIL,MOTOR_BORE_PERP,Motor Bore Perpendicularity to Datum A,perpendicularity,High,,,,,0.0368,0.0,0.15,,,0.0368,0.1132,75.5,PASS,A,QE-Nguyen,2024-05-20
MMB-0036,LOT-204,SUP-003,FAIL,OUTER_PROFILE,Profile of Outer Bracket Surface,profile,Medium,,,,,0.1389,0.0,0.3,,,0.1389,0.1611,53.7,PASS,A|B|C,QE-Nguyen,2024-05-20
MMB-0036,LOT-204,SUP-003,FAIL,HOLE_DIAMETER,Bolt Hole Diameter,diameter,High,,,,,4.999,5.0,0.05,4.95,5.05,0.001,0.049,98.0,PASS,,QE-Nguyen,2024-05-20
MMB-0036,LOT-204,SUP-003,FAIL,SLOT_WIDTH,Alignment Slot Width,width,Medium,,,,,8.0028,8.0,0.1,7.9,8.1,0.0028,0.0972,97.2,PASS,,QE-Nguyen,2024-05-20
MMB-0036,LOT-204,SUP-003,FAIL,BRACKET_THICKNESS,Bracket Thickness,thickness,Medium,,,,,5.9823,6.0,0.1,5.9,6.1,0.0177,0.0823,82.3,PASS,,QE-Nguyen,2024-05-20
MMB-0037,LOT-204,SUP-003,FAIL,HOLE_1_POSITION,Hole 1 True Position,position,High,20.0,20.0,19.9712,20.0378,0.095,,0.2,,,0.09504,0.10496,52.5,PASS,A|B|C,QE-Nguyen,2024-05-20
MMB-0037,LOT-204,SUP-003,FAIL,HOLE_2_POSITION,Hole 2 True Position,position,High,80.0,20.0,80.025,19.9511,0.1098,,0.2,,,0.10984,0.09016,45.1,PASS,A|B|C,QE-Nguyen,2024-05-20
MMB-0037,LOT-204,SUP-003,FAIL,HOLE_3_POSITION,Hole 3 True Position,position,High,20.0,60.0,20.004,60.0301,0.0606,,0.2,,,0.06073,0.13927,69.6,PASS,A|B|C,QE-Nguyen,2024-05-20
MMB-0037,LOT-204,SUP-003,FAIL,HOLE_4_POSITION,Hole 4 True Position,position,High,80.0,60.0,79.8998,60.0326,0.2107,,0.2,,,0.21074,-0.01074,-5.4,FAIL,A|B|C,QE-Nguyen,2024-05-20
MMB-0037,LOT-204,SUP-003,FAIL,MOUNTING_FACE_FLATNESS,Mounting Face Flatness,flatness,High,,,,,0.0151,0.0,0.05,,,0.0151,0.0349,69.8,PASS,A,QE-Nguyen,2024-05-20
MMB-0037,LOT-204,SUP-003,FAIL,OPP_FACE_PARALLELISM,Opposite Face Parallelism to Datum A,parallelism,High,,,,,0.0721,0.0,0.1,,,0.0721,0.0279,27.9,PASS,A,QE-Nguyen,2024-05-20
MMB-0037,LOT-204,SUP-003,FAIL,MOTOR_BORE_PERP,Motor Bore Perpendicularity to Datum A,perpendicularity,High,,,,,0.0395,0.0,0.15,,,0.0395,0.1105,73.7,PASS,A,QE-Nguyen,2024-05-20
MMB-0037,LOT-204,SUP-003,FAIL,OUTER_PROFILE,Profile of Outer Bracket Surface,profile,Medium,,,,,0.0063,0.0,0.3,,,0.0063,0.2937,97.9,PASS,A|B|C,QE-Nguyen,2024-05-20
MMB-0037,LOT-204,SUP-003,FAIL,HOLE_DIAMETER,Bolt Hole Diameter,diameter,High,,,,,4.9674,5.0,0.05,4.95,5.05,0.0326,0.0174,34.8,PASS,,QE-Nguyen,2024-05-20
MMB-0037,LOT-204,SUP-003,FAIL,SLOT_WIDTH,Alignment Slot Width,width,Medium,,,,,8.0114,8.0,0.1,7.9,8.1,0.0114,0.0886,88.6,PASS,,QE-Nguyen,2024-05-20
MMB-0037,LOT-204,SUP-003,FAIL,BRACKET_THICKNESS,Bracket Thickness,thickness,Medium,,,,,6.0115,6.0,0.1,5.9,6.1,0.0115,0.0885,88.5,PASS,,QE-Nguyen,2024-05-20
MMB-0038,LOT-204,SUP-003,PASS,HOLE_1_POSITION,Hole 1 True Position,position,High,20.0,20.0,19.9548,20.0319,0.1107,,0.2,,,0.11065,0.08935,44.7,PASS,A|B|C,QE-Nguyen,2024-05-20
MMB-0038,LOT-204,SUP-003,PASS,HOLE_2_POSITION,Hole 2 True Position,position,High,80.0,20.0,79.9169,19.9967,0.1663,,0.2,,,0.16633,0.03367,16.8,PASS,A|B|C,QE-Nguyen,2024-05-20
MMB-0038,LOT-204,SUP-003,PASS,HOLE_3_POSITION,Hole 3 True Position,position,High,20.0,60.0,19.9516,59.9739,0.11,,0.2,,,0.10998,0.09002,45.0,PASS,A|B|C,QE-Nguyen,2024-05-20
MMB-0038,LOT-204,SUP-003,PASS,HOLE_4_POSITION,Hole 4 True Position,position,High,80.0,60.0,80.0028,59.9484,0.1034,,0.2,,,0.10335,0.09665,48.3,PASS,A|B|C,QE-Nguyen,2024-05-20
MMB-0038,LOT-204,SUP-003,PASS,MOUNTING_FACE_FLATNESS,Mounting Face Flatness,flatness,High,,,,,0.0192,0.0,0.05,,,0.0192,0.0308,61.6,PASS,A,QE-Nguyen,2024-05-20
MMB-0038,LOT-204,SUP-003,PASS,OPP_FACE_PARALLELISM,Opposite Face Parallelism to Datum A,parallelism,High,,,,,0.0852,0.0,0.1,,,0.0852,0.0148,14.8,PASS,A,QE-Nguyen,2024-05-20
MMB-0038,LOT-204,SUP-003,PASS,MOTOR_BORE_PERP,Motor Bore Perpendicularity to Datum A,perpendicularity,High,,,,,0.0469,0.0,0.15,,,0.0469,0.1031,68.7,PASS,A,QE-Nguyen,2024-05-20
MMB-0038,LOT-204,SUP-003,PASS,OUTER_PROFILE,Profile of Outer Bracket Surface,profile,Medium,,,,,0.1785,0.0,0.3,,,0.1785,0.1215,40.5,PASS,A|B|C,QE-Nguyen,2024-05-20
MMB-0038,LOT-204,SUP-003,PASS,HOLE_DIAMETER,Bolt Hole Diameter,diameter,High,,,,,4.9774,5.0,0.05,4.95,5.05,0.0226,0.0274,54.8,PASS,,QE-Nguyen,2024-05-20
MMB-0038,LOT-204,SUP-003,PASS,SLOT_WIDTH,Alignment Slot Width,width,Medium,,,,,8.0259,8.0,0.1,7.9,8.1,0.0259,0.0741,74.1,PASS,,QE-Nguyen,2024-05-20
MMB-0038,LOT-204,SUP-003,PASS,BRACKET_THICKNESS,Bracket Thickness,thickness,Medium,,,,,6.041,6.0,0.1,5.9,6.1,0.041,0.059,59.0,PASS,,QE-Nguyen,2024-05-20
MMB-0039,LOT-204,SUP-003,FAIL,HOLE_1_POSITION,Hole 1 True Position,position,High,20.0,20.0,19.8764,19.9602,0.2597,,0.2,,,0.2597,-0.0597,-29.8,FAIL,A|B|C,QE-Nguyen,2024-05-20
MMB-0039,LOT-204,SUP-003,FAIL,HOLE_2_POSITION,Hole 2 True Position,position,High,80.0,20.0,80.0289,19.9898,0.0612,,0.2,,,0.06129,0.13871,69.4,PASS,A|B|C,QE-Nguyen,2024-05-20
MMB-0039,LOT-204,SUP-003,FAIL,HOLE_3_POSITION,Hole 3 True Position,position,High,20.0,60.0,20.0148,59.9758,0.0567,,0.2,,,0.05673,0.14327,71.6,PASS,A|B|C,QE-Nguyen,2024-05-20
MMB-0039,LOT-204,SUP-003,FAIL,HOLE_4_POSITION,Hole 4 True Position,position,High,80.0,60.0,80.0052,59.9907,0.0214,,0.2,,,0.02131,0.17869,89.3,PASS,A|B|C,QE-Nguyen,2024-05-20
MMB-0039,LOT-204,SUP-003,FAIL,MOUNTING_FACE_FLATNESS,Mounting Face Flatness,flatness,High,,,,,0.0425,0.0,0.05,,,0.0425,0.0075,15.0,PASS,A,QE-Nguyen,2024-05-20
MMB-0039,LOT-204,SUP-003,FAIL,OPP_FACE_PARALLELISM,Opposite Face Parallelism to Datum A,parallelism,High,,,,,0.0626,0.0,0.1,,,0.0626,0.0374,37.4,PASS,A,QE-Nguyen,2024-05-20
MMB-0039,LOT-204,SUP-003,FAIL,MOTOR_BORE_PERP,Motor Bore Perpendicularity to Datum A,perpendicularity,High,,,,,0.0835,0.0,0.15,,,0.0835,0.0665,44.3,PASS,A,QE-Nguyen,2024-05-20
MMB-0039,LOT-204,SUP-003,FAIL,OUTER_PROFILE,Profile of Outer Bracket Surface,profile,Medium,,,,,0.0912,0.0,0.3,,,0.0912,0.2088,69.6,PASS,A|B|C,QE-Nguyen,2024-05-20
MMB-0039,LOT-204,SUP-003,FAIL,HOLE_DIAMETER,Bolt Hole Diameter,diameter,High,,,,,4.9902,5.0,0.05,4.95,5.05,0.0098,0.0402,80.4,PASS,,QE-Nguyen,2024-05-20
MMB-0039,LOT-204,SUP-003,FAIL,SLOT_WIDTH,Alignment Slot Width,width,Medium,,,,,7.997,8.0,0.1,7.9,8.1,0.003,0.097,97.0,PASS,,QE-Nguyen,2024-05-20
MMB-0039,LOT-204,SUP-003,FAIL,BRACKET_THICKNESS,Bracket Thickness,thickness,Medium,,,,,6.0149,6.0,0.1,5.9,6.1,0.0149,0.0851,85.1,PASS,,QE-Nguyen,2024-05-20
MMB-0040,LOT-204,SUP-003,FAIL,HOLE_1_POSITION,Hole 1 True Position,position,High,20.0,20.0,19.979,20.0145,0.0511,,0.2,,,0.05104,0.14896,74.5,PASS,A|B|C,QE-Nguyen,2024-05-20
MMB-0040,LOT-204,SUP-003,FAIL,HOLE_2_POSITION,Hole 2 True Position,position,High,80.0,20.0,80.1038,20.0436,0.2251,,0.2,,,0.22517,-0.02517,-12.6,FAIL,A|B|C,QE-Nguyen,2024-05-20
MMB-0040,LOT-204,SUP-003,FAIL,HOLE_3_POSITION,Hole 3 True Position,position,High,20.0,60.0,19.987,60.048,0.0996,,0.2,,,0.09946,0.10054,50.3,PASS,A|B|C,QE-Nguyen,2024-05-20
MMB-0040,LOT-204,SUP-003,FAIL,HOLE_4_POSITION,Hole 4 True Position,position,High,80.0,60.0,79.9755,59.8777,0.2494,,0.2,,,0.24946,-0.04946,-24.7,FAIL,A|B|C,QE-Nguyen,2024-05-20
MMB-0040,LOT-204,SUP-003,FAIL,MOUNTING_FACE_FLATNESS,Mounting Face Flatness,flatness,High,,,,,0.0099,0.0,0.05,,,0.0099,0.0401,80.2,PASS,A,QE-Nguyen,2024-05-20
MMB-0040,LOT-204,SUP-003,FAIL,OPP_FACE_PARALLELISM,Opposite Face Parallelism to Datum A,parallelism,High,,,,,0.0011,0.0,0.1,,,0.0011,0.0989,98.9,PASS,A,QE-Nguyen,2024-05-20
MMB-0040,LOT-204,SUP-003,FAIL,MOTOR_BORE_PERP,Motor Bore Perpendicularity to Datum A,perpendicularity,High,,,,,0.0559,0.0,0.15,,,0.0559,0.0941,62.7,PASS,A,QE-Nguyen,2024-05-20
MMB-0040,LOT-204,SUP-003,FAIL,OUTER_PROFILE,Profile of Outer Bracket Surface,profile,Medium,,,,,0.1213,0.0,0.3,,,0.1213,0.1787,59.6,PASS,A|B|C,QE-Nguyen,2024-05-20
MMB-0040,LOT-204,SUP-003,FAIL,HOLE_DIAMETER,Bolt Hole Diameter,diameter,High,,,,,5.0335,5.0,0.05,4.95,5.05,0.0335,0.0165,33.0,PASS,,QE-Nguyen,2024-05-20
MMB-0040,LOT-204,SUP-003,FAIL,SLOT_WIDTH,Alignment Slot Width,width,Medium,,,,,8.0198,8.0,0.1,7.9,8.1,0.0198,0.0802,80.2,PASS,,QE-Nguyen,2024-05-20
MMB-0040,LOT-204,SUP-003,FAIL,BRACKET_THICKNESS,Bracket Thickness,thickness,Medium,,,,,5.9995,6.0,0.1,5.9,6.1,0.0005,0.0995,99.5,PASS,,QE-Nguyen,2024-05-20
MMB-0041,LOT-205,SUP-003,FAIL,HOLE_1_POSITION,Hole 1 True Position,position,High,20.0,20.0,19.9626,20.0027,0.0749,,0.2,,,0.07499,0.12501,62.5,PASS,A|B|C,QE-Nguyen,2024-06-18
MMB-0041,LOT-205,SUP-003,FAIL,HOLE_2_POSITION,Hole 2 True Position,position,High,80.0,20.0,80.0121,19.9235,0.1549,,0.2,,,0.1549,0.0451,22.6,PASS,A|B|C,QE-Nguyen,2024-06-18
MMB-0041,LOT-205,SUP-003,FAIL,HOLE_3_POSITION,Hole 3 True Position,position,High,20.0,60.0,19.9253,59.9694,0.1614,,0.2,,,0.16145,0.03855,19.3,PASS,A|B|C,QE-Nguyen,2024-06-18
MMB-0041,LOT-205,SUP-003,FAIL,HOLE_4_POSITION,Hole 4 True Position,position,High,80.0,60.0,80.055,60.0654,0.1709,,0.2,,,0.17091,0.02909,14.5,PASS,A|B|C,QE-Nguyen,2024-06-18
MMB-0041,LOT-205,SUP-003,FAIL,MOUNTING_FACE_FLATNESS,Mounting Face Flatness,flatness,High,,,,,0.0506,0.0,0.05,,,0.0506,-0.0006,-1.2,FAIL,A,QE-Nguyen,2024-06-18
MMB-0041,LOT-205,SUP-003,FAIL,OPP_FACE_PARALLELISM,Opposite Face Parallelism to Datum A,parallelism,High,,,,,0.054,0.0,0.1,,,0.054,0.046,46.0,PASS,A,QE-Nguyen,2024-06-18
MMB-0041,LOT-205,SUP-003,FAIL,MOTOR_BORE_PERP,Motor Bore Perpendicularity to Datum A,perpendicularity,High,,,,,0.1031,0.0,0.15,,,0.1031,0.0469,31.3,PASS,A,QE-Nguyen,2024-06-18
MMB-0041,LOT-205,SUP-003,FAIL,OUTER_PROFILE,Profile of Outer Bracket Surface,profile,Medium,,,,,0.1907,0.0,0.3,,,0.1907,0.1093,36.4,PASS,A|B|C,QE-Nguyen,2024-06-18
MMB-0041,LOT-205,SUP-003,FAIL,HOLE_DIAMETER,Bolt Hole Diameter,diameter,High,,,,,4.9901,5.0,0.05,4.95,5.05,0.0099,0.0401,80.2,PASS,,QE-Nguyen,2024-06-18
MMB-0041,LOT-205,SUP-003,FAIL,SLOT_WIDTH,Alignment Slot Width,width,Medium,,,,,8.0216,8.0,0.1,7.9,8.1,0.0216,0.0784,78.4,PASS,,QE-Nguyen,2024-06-18
MMB-0041,LOT-205,SUP-003,FAIL,BRACKET_THICKNESS,Bracket Thickness,thickness,Medium,,,,,6.0215,6.0,0.1,5.9,6.1,0.0215,0.0785,78.5,PASS,,QE-Nguyen,2024-06-18
MMB-0042,LOT-205,SUP-003,FAIL,HOLE_1_POSITION,Hole 1 True Position,position,High,20.0,20.0,19.9545,20.0821,0.1877,,0.2,,,0.18773,0.01227,6.1,BORDERLINE,A|B|C,QE-Nguyen,2024-06-18
MMB-0042,LOT-205,SUP-003,FAIL,HOLE_2_POSITION,Hole 2 True Position,position,High,80.0,20.0,79.9981,20.0044,0.0095,,0.2,,,0.00959,0.19041,95.2,PASS,A|B|C,QE-Nguyen,2024-06-18
MMB-0042,LOT-205,SUP-003,FAIL,HOLE_3_POSITION,Hole 3 True Position,position,High,20.0,60.0,19.9621,59.9688,0.0981,,0.2,,,0.09818,0.10182,50.9,PASS,A|B|C,QE-Nguyen,2024-06-18
MMB-0042,LOT-205,SUP-003,FAIL,HOLE_4_POSITION,Hole 4 True Position,position,High,80.0,60.0,79.8682,60.0033,0.2637,,0.2,,,0.26368,-0.06368,-31.8,FAIL,A|B|C,QE-Nguyen,2024-06-18
MMB-0042,LOT-205,SUP-003,FAIL,MOUNTING_FACE_FLATNESS,Mounting Face Flatness,flatness,High,,,,,0.0626,0.0,0.05,,,0.0626,-0.0126,-25.2,FAIL,A,QE-Nguyen,2024-06-18
MMB-0042,LOT-205,SUP-003,FAIL,OPP_FACE_PARALLELISM,Opposite Face Parallelism to Datum A,parallelism,High,,,,,0.0244,0.0,0.1,,,0.0244,0.0756,75.6,PASS,A,QE-Nguyen,2024-06-18
MMB-0042,LOT-205,SUP-003,FAIL,MOTOR_BORE_PERP,Motor Bore Perpendicularity to Datum A,perpendicularity,High,,,,,0.189,0.0,0.15,,,0.189,-0.039,-26.0,FAIL,A,QE-Nguyen,2024-06-18
MMB-0042,LOT-205,SUP-003,FAIL,OUTER_PROFILE,Profile of Outer Bracket Surface,profile,Medium,,,,,0.219,0.0,0.3,,,0.219,0.081,27.0,PASS,A|B|C,QE-Nguyen,2024-06-18
MMB-0042,LOT-205,SUP-003,FAIL,HOLE_DIAMETER,Bolt Hole Diameter,diameter,High,,,,,4.9905,5.0,0.05,4.95,5.05,0.0095,0.0405,81.0,PASS,,QE-Nguyen,2024-06-18
MMB-0042,LOT-205,SUP-003,FAIL,SLOT_WIDTH,Alignment Slot Width,width,Medium,,,,,8.0108,8.0,0.1,7.9,8.1,0.0108,0.0892,89.2,PASS,,QE-Nguyen,2024-06-18
MMB-0042,LOT-205,SUP-003,FAIL,BRACKET_THICKNESS,Bracket Thickness,thickness,Medium,,,,,6.0016,6.0,0.1,5.9,6.1,0.0016,0.0984,98.4,PASS,,QE-Nguyen,2024-06-18
MMB-0043,LOT-205,SUP-003,MRB REVIEW,HOLE_1_POSITION,Hole 1 True Position,position,High,20.0,20.0,20.0853,20.0259,0.1783,,0.2,,,0.17829,0.02171,10.9,PASS,A|B|C,QE-Nguyen,2024-06-18
MMB-0043,LOT-205,SUP-003,MRB REVIEW,HOLE_2_POSITION,Hole 2 True Position,position,High,80.0,20.0,80.0591,20.0179,0.1235,,0.2,,,0.1235,0.0765,38.2,PASS,A|B|C,QE-Nguyen,2024-06-18
MMB-0043,LOT-205,SUP-003,MRB REVIEW,HOLE_3_POSITION,Hole 3 True Position,position,High,20.0,60.0,19.9955,60.0131,0.0276,,0.2,,,0.0277,0.1723,86.2,PASS,A|B|C,QE-Nguyen,2024-06-18
MMB-0043,LOT-205,SUP-003,MRB REVIEW,HOLE_4_POSITION,Hole 4 True Position,position,High,80.0,60.0,79.9756,59.9129,0.181,,0.2,,,0.18091,0.01909,9.5,BORDERLINE,A|B|C,QE-Nguyen,2024-06-18
MMB-0043,LOT-205,SUP-003,MRB REVIEW,MOUNTING_FACE_FLATNESS,Mounting Face Flatness,flatness,High,,,,,0.0372,0.0,0.05,,,0.0372,0.0128,25.6,PASS,A,QE-Nguyen,2024-06-18
MMB-0043,LOT-205,SUP-003,MRB REVIEW,OPP_FACE_PARALLELISM,Opposite Face Parallelism to Datum A,parallelism,High,,,,,0.01,0.0,0.1,,,0.01,0.09,90.0,PASS,A,QE-Nguyen,2024-06-18
MMB-0043,LOT-205,SUP-003,MRB REVIEW,MOTOR_BORE_PERP,Motor Bore Perpendicularity to Datum A,perpendicularity,High,,,,,0.0592,0.0,0.15,,,0.0592,0.0908,60.5,PASS,A,QE-Nguyen,2024-06-18
MMB-0043,LOT-205,SUP-003,MRB REVIEW,OUTER_PROFILE,Profile of Outer Bracket Surface,profile,Medium,,,,,0.0892,0.0,0.3,,,0.0892,0.2108,70.3,PASS,A|B|C,QE-Nguyen,2024-06-18
MMB-0043,LOT-205,SUP-003,MRB REVIEW,HOLE_DIAMETER,Bolt Hole Diameter,diameter,High,,,,,5.0129,5.0,0.05,4.95,5.05,0.0129,0.0371,74.2,PASS,,QE-Nguyen,2024-06-18
MMB-0043,LOT-205,SUP-003,MRB REVIEW,SLOT_WIDTH,Alignment Slot Width,width,Medium,,,,,8.0569,8.0,0.1,7.9,8.1,0.0569,0.0431,43.1,PASS,,QE-Nguyen,2024-06-18
MMB-0043,LOT-205,SUP-003,MRB REVIEW,BRACKET_THICKNESS,Bracket Thickness,thickness,Medium,,,,,6.0351,6.0,0.1,5.9,6.1,0.0351,0.0649,64.9,PASS,,QE-Nguyen,2024-06-18
MMB-0044,LOT-205,SUP-003,PASS,HOLE_1_POSITION,Hole 1 True Position,position,High,20.0,20.0,20.0336,19.9685,0.0921,,0.2,,,0.09211,0.10789,53.9,PASS,A|B|C,QE-Nguyen,2024-06-18
MMB-0044,LOT-205,SUP-003,PASS,HOLE_2_POSITION,Hole 2 True Position,position,High,80.0,20.0,79.9908,19.9835,0.0377,,0.2,,,0.03778,0.16222,81.1,PASS,A|B|C,QE-Nguyen,2024-06-18
MMB-0044,LOT-205,SUP-003,PASS,HOLE_3_POSITION,Hole 3 True Position,position,High,20.0,60.0,19.9812,59.9839,0.0495,,0.2,,,0.0495,0.1505,75.2,PASS,A|B|C,QE-Nguyen,2024-06-18
MMB-0044,LOT-205,SUP-003,PASS,HOLE_4_POSITION,Hole 4 True Position,position,High,80.0,60.0,79.9743,59.9716,0.0767,,0.2,,,0.0766,0.1234,61.7,PASS,A|B|C,QE-Nguyen,2024-06-18
MMB-0044,LOT-205,SUP-003,PASS,MOUNTING_FACE_FLATNESS,Mounting Face Flatness,flatness,High,,,,,0.0393,0.0,0.05,,,0.0393,0.0107,21.4,PASS,A,QE-Nguyen,2024-06-18
MMB-0044,LOT-205,SUP-003,PASS,OPP_FACE_PARALLELISM,Opposite Face Parallelism to Datum A,parallelism,High,,,,,0.0234,0.0,0.1,,,0.0234,0.0766,76.6,PASS,A,QE-Nguyen,2024-06-18
MMB-0044,LOT-205,SUP-003,PASS,MOTOR_BORE_PERP,Motor Bore Perpendicularity to Datum A,perpendicularity,High,,,,,0.0408,0.0,0.15,,,0.0408,0.1092,72.8,PASS,A,QE-Nguyen,2024-06-18
MMB-0044,LOT-205,SUP-003,PASS,OUTER_PROFILE,Profile of Outer Bracket Surface,profile,Medium,,,,,0.0092,0.0,0.3,,,0.0092,0.2908,96.9,PASS,A|B|C,QE-Nguyen,2024-06-18
MMB-0044,LOT-205,SUP-003,PASS,HOLE_DIAMETER,Bolt Hole Diameter,diameter,High,,,,,5.0283,5.0,0.05,4.95,5.05,0.0283,0.0217,43.4,PASS,,QE-Nguyen,2024-06-18
MMB-0044,LOT-205,SUP-003,PASS,SLOT_WIDTH,Alignment Slot Width,width,Medium,,,,,7.9861,8.0,0.1,7.9,8.1,0.0139,0.0861,86.1,PASS,,QE-Nguyen,2024-06-18
MMB-0044,LOT-205,SUP-003,PASS,BRACKET_THICKNESS,Bracket Thickness,thickness,Medium,,,,,6.0215,6.0,0.1,5.9,6.1,0.0215,0.0785,78.5,PASS,,QE-Nguyen,2024-06-18
MMB-0045,LOT-205,SUP-003,FAIL,HOLE_1_POSITION,Hole 1 True Position,position,High,20.0,20.0,20.0238,20.0659,0.1402,,0.2,,,0.14013,0.05987,29.9,PASS,A|B|C,QE-Nguyen,2024-06-18
MMB-0045,LOT-205,SUP-003,FAIL,HOLE_2_POSITION,Hole 2 True Position,position,High,80.0,20.0,79.9895,19.9526,0.0971,,0.2,,,0.0971,0.1029,51.4,PASS,A|B|C,QE-Nguyen,2024-06-18
MMB-0045,LOT-205,SUP-003,FAIL,HOLE_3_POSITION,Hole 3 True Position,position,High,20.0,60.0,19.9378,59.8886,0.2552,,0.2,,,0.25518,-0.05518,-27.6,FAIL,A|B|C,QE-Nguyen,2024-06-18
MMB-0045,LOT-205,SUP-003,FAIL,HOLE_4_POSITION,Hole 4 True Position,position,High,80.0,60.0,80.0097,60.0465,0.095,,0.2,,,0.095,0.105,52.5,PASS,A|B|C,QE-Nguyen,2024-06-18
MMB-0045,LOT-205,SUP-003,FAIL,MOUNTING_FACE_FLATNESS,Mounting Face Flatness,flatness,High,,,,,0.0321,0.0,0.05,,,0.0321,0.0179,35.8,PASS,A,QE-Nguyen,2024-06-18
MMB-0045,LOT-205,SUP-003,FAIL,OPP_FACE_PARALLELISM,Opposite Face Parallelism to Datum A,parallelism,High,,,,,0.0091,0.0,0.1,,,0.0091,0.0909,90.9,PASS,A,QE-Nguyen,2024-06-18
MMB-0045,LOT-205,SUP-003,FAIL,MOTOR_BORE_PERP,Motor Bore Perpendicularity to Datum A,perpendicularity,High,,,,,0.1116,0.0,0.15,,,0.1116,0.0384,25.6,PASS,A,QE-Nguyen,2024-06-18
MMB-0045,LOT-205,SUP-003,FAIL,OUTER_PROFILE,Profile of Outer Bracket Surface,profile,Medium,,,,,0.0711,0.0,0.3,,,0.0711,0.2289,76.3,PASS,A|B|C,QE-Nguyen,2024-06-18
MMB-0045,LOT-205,SUP-003,FAIL,HOLE_DIAMETER,Bolt Hole Diameter,diameter,High,,,,,4.9819,5.0,0.05,4.95,5.05,0.0181,0.0319,63.8,PASS,,QE-Nguyen,2024-06-18
MMB-0045,LOT-205,SUP-003,FAIL,SLOT_WIDTH,Alignment Slot Width,width,Medium,,,,,7.9884,8.0,0.1,7.9,8.1,0.0116,0.0884,88.4,PASS,,QE-Nguyen,2024-06-18
MMB-0045,LOT-205,SUP-003,FAIL,BRACKET_THICKNESS,Bracket Thickness,thickness,Medium,,,,,6.007,6.0,0.1,5.9,6.1,0.007,0.093,93.0,PASS,,QE-Nguyen,2024-06-18
MMB-0046,LOT-205,SUP-003,PASS,HOLE_1_POSITION,Hole 1 True Position,position,High,20.0,20.0,19.9258,19.9981,0.1485,,0.2,,,0.14845,0.05155,25.8,PASS,A|B|C,QE-Nguyen,2024-06-18
MMB-0046,LOT-205,SUP-003,PASS,HOLE_2_POSITION,Hole 2 True Position,position,High,80.0,20.0,80.0215,20.0554,0.1188,,0.2,,,0.11885,0.08115,40.6,PASS,A|B|C,QE-Nguyen,2024-06-18
MMB-0046,LOT-205,SUP-003,PASS,HOLE_3_POSITION,Hole 3 True Position,position,High,20.0,60.0,20.007,59.9464,0.1081,,0.2,,,0.10811,0.09189,45.9,PASS,A|B|C,QE-Nguyen,2024-06-18
MMB-0046,LOT-205,SUP-003,PASS,HOLE_4_POSITION,Hole 4 True Position,position,High,80.0,60.0,80.0089,59.9364,0.1285,,0.2,,,0.12844,0.07156,35.8,PASS,A|B|C,QE-Nguyen,2024-06-18
MMB-0046,LOT-205,SUP-003,PASS,MOUNTING_FACE_FLATNESS,Mounting Face Flatness,flatness,High,,,,,0.0082,0.0,0.05,,,0.0082,0.0418,83.6,PASS,A,QE-Nguyen,2024-06-18
MMB-0046,LOT-205,SUP-003,PASS,OPP_FACE_PARALLELISM,Opposite Face Parallelism to Datum A,parallelism,High,,,,,0.0141,0.0,0.1,,,0.0141,0.0859,85.9,PASS,A,QE-Nguyen,2024-06-18
MMB-0046,LOT-205,SUP-003,PASS,MOTOR_BORE_PERP,Motor Bore Perpendicularity to Datum A,perpendicularity,High,,,,,0.0065,0.0,0.15,,,0.0065,0.1435,95.7,PASS,A,QE-Nguyen,2024-06-18
MMB-0046,LOT-205,SUP-003,PASS,OUTER_PROFILE,Profile of Outer Bracket Surface,profile,Medium,,,,,0.0803,0.0,0.3,,,0.0803,0.2197,73.2,PASS,A|B|C,QE-Nguyen,2024-06-18
MMB-0046,LOT-205,SUP-003,PASS,HOLE_DIAMETER,Bolt Hole Diameter,diameter,High,,,,,5.0226,5.0,0.05,4.95,5.05,0.0226,0.0274,54.8,PASS,,QE-Nguyen,2024-06-18
MMB-0046,LOT-205,SUP-003,PASS,SLOT_WIDTH,Alignment Slot Width,width,Medium,,,,,8.0777,8.0,0.1,7.9,8.1,0.0777,0.0223,22.3,PASS,,QE-Nguyen,2024-06-18
MMB-0046,LOT-205,SUP-003,PASS,BRACKET_THICKNESS,Bracket Thickness,thickness,Medium,,,,,5.9907,6.0,0.1,5.9,6.1,0.0093,0.0907,90.7,PASS,,QE-Nguyen,2024-06-18
MMB-0047,LOT-205,SUP-003,FAIL,HOLE_1_POSITION,Hole 1 True Position,position,High,20.0,20.0,20.0543,19.9803,0.1156,,0.2,,,0.11553,0.08447,42.2,PASS,A|B|C,QE-Nguyen,2024-06-18
MMB-0047,LOT-205,SUP-003,FAIL,HOLE_2_POSITION,Hole 2 True Position,position,High,80.0,20.0,79.9175,20.035,0.1793,,0.2,,,0.17923,0.02077,10.4,PASS,A|B|C,QE-Nguyen,2024-06-18
MMB-0047,LOT-205,SUP-003,FAIL,HOLE_3_POSITION,Hole 3 True Position,position,High,20.0,60.0,20.0094,60.0727,0.1466,,0.2,,,0.14661,0.05339,26.7,PASS,A|B|C,QE-Nguyen,2024-06-18
MMB-0047,LOT-205,SUP-003,FAIL,HOLE_4_POSITION,Hole 4 True Position,position,High,80.0,60.0,79.9079,60.1678,0.3827,,0.2,,,0.38283,-0.18283,-91.4,FAIL,A|B|C,QE-Nguyen,2024-06-18
MMB-0047,LOT-205,SUP-003,FAIL,MOUNTING_FACE_FLATNESS,Mounting Face Flatness,flatness,High,,,,,0.0489,0.0,0.05,,,0.0489,0.0011,2.2,BORDERLINE,A,QE-Nguyen,2024-06-18
MMB-0047,LOT-205,SUP-003,FAIL,OPP_FACE_PARALLELISM,Opposite Face Parallelism to Datum A,parallelism,High,,,,,0.0545,0.0,0.1,,,0.0545,0.0455,45.5,PASS,A,QE-Nguyen,2024-06-18
MMB-0047,LOT-205,SUP-003,FAIL,MOTOR_BORE_PERP,Motor Bore Perpendicularity to Datum A,perpendicularity,High,,,,,0.0581,0.0,0.15,,,0.0581,0.0919,61.3,PASS,A,QE-Nguyen,2024-06-18
MMB-0047,LOT-205,SUP-003,FAIL,OUTER_PROFILE,Profile of Outer Bracket Surface,profile,Medium,,,,,0.0699,0.0,0.3,,,0.0699,0.2301,76.7,PASS,A|B|C,QE-Nguyen,2024-06-18
MMB-0047,LOT-205,SUP-003,FAIL,HOLE_DIAMETER,Bolt Hole Diameter,diameter,High,,,,,5.0022,5.0,0.05,4.95,5.05,0.0022,0.0478,95.6,PASS,,QE-Nguyen,2024-06-18
MMB-0047,LOT-205,SUP-003,FAIL,SLOT_WIDTH,Alignment Slot Width,width,Medium,,,,,8.0045,8.0,0.1,7.9,8.1,0.0045,0.0955,95.5,PASS,,QE-Nguyen,2024-06-18
MMB-0047,LOT-205,SUP-003,FAIL,BRACKET_THICKNESS,Bracket Thickness,thickness,Medium,,,,,6.0178,6.0,0.1,5.9,6.1,0.0178,0.0822,82.2,PASS,,QE-Nguyen,2024-06-18
MMB-0048,LOT-205,SUP-003,PASS,HOLE_1_POSITION,Hole 1 True Position,position,High,20.0,20.0,19.9853,20.0707,0.1445,,0.2,,,0.14442,0.05558,27.8,PASS,A|B|C,QE-Nguyen,2024-06-18
MMB-0048,LOT-205,SUP-003,PASS,HOLE_2_POSITION,Hole 2 True Position,position,High,80.0,20.0,80.0063,19.9872,0.0286,,0.2,,,0.02853,0.17147,85.7,PASS,A|B|C,QE-Nguyen,2024-06-18
MMB-0048,LOT-205,SUP-003,PASS,HOLE_3_POSITION,Hole 3 True Position,position,High,20.0,60.0,20.041,59.9351,0.1535,,0.2,,,0.15353,0.04647,23.2,PASS,A|B|C,QE-Nguyen,2024-06-18
MMB-0048,LOT-205,SUP-003,PASS,HOLE_4_POSITION,Hole 4 True Position,position,High,80.0,60.0,80.0205,60.0015,0.041,,0.2,,,0.04111,0.15889,79.4,PASS,A|B|C,QE-Nguyen,2024-06-18
MMB-0048,LOT-205,SUP-003,PASS,MOUNTING_FACE_FLATNESS,Mounting Face Flatness,flatness,High,,,,,0.0038,0.0,0.05,,,0.0038,0.0462,92.4,PASS,A,QE-Nguyen,2024-06-18
MMB-0048,LOT-205,SUP-003,PASS,OPP_FACE_PARALLELISM,Opposite Face Parallelism to Datum A,parallelism,High,,,,,0.0037,0.0,0.1,,,0.0037,0.0963,96.3,PASS,A,QE-Nguyen,2024-06-18
MMB-0048,LOT-205,SUP-003,PASS,MOTOR_BORE_PERP,Motor Bore Perpendicularity to Datum A,perpendicularity,High,,,,,0.1104,0.0,0.15,,,0.1104,0.0396,26.4,PASS,A,QE-Nguyen,2024-06-18
MMB-0048,LOT-205,SUP-003,PASS,OUTER_PROFILE,Profile of Outer Bracket Surface,profile,Medium,,,,,0.1874,0.0,0.3,,,0.1874,0.1126,37.5,PASS,A|B|C,QE-Nguyen,2024-06-18
MMB-0048,LOT-205,SUP-003,PASS,HOLE_DIAMETER,Bolt Hole Diameter,diameter,High,,,,,5.0035,5.0,0.05,4.95,5.05,0.0035,0.0465,93.0,PASS,,QE-Nguyen,2024-06-18
MMB-0048,LOT-205,SUP-003,PASS,SLOT_WIDTH,Alignment Slot Width,width,Medium,,,,,8.0615,8.0,0.1,7.9,8.1,0.0615,0.0385,38.5,PASS,,QE-Nguyen,2024-06-18
MMB-0048,LOT-205,SUP-003,PASS,BRACKET_THICKNESS,Bracket Thickness,thickness,Medium,,,,,6.016,6.0,0.1,5.9,6.1,0.016,0.084,84.0,PASS,,QE-Nguyen,2024-06-18
MMB-0049,LOT-205,SUP-003,MRB REVIEW,HOLE_1_POSITION,Hole 1 True Position,position,High,20.0,20.0,20.0625,20.021,0.1319,,0.2,,,0.13187,0.06813,34.1,PASS,A|B|C,QE-Nguyen,2024-06-18
MMB-0049,LOT-205,SUP-003,MRB REVIEW,HOLE_2_POSITION,Hole 2 True Position,position,High,80.0,20.0,79.9862,19.9471,0.1093,,0.2,,,0.10934,0.09066,45.3,PASS,A|B|C,QE-Nguyen,2024-06-18
MMB-0049,LOT-205,SUP-003,MRB REVIEW,HOLE_3_POSITION,Hole 3 True Position,position,High,20.0,60.0,19.9759,59.9897,0.0525,,0.2,,,0.05242,0.14758,73.8,PASS,A|B|C,QE-Nguyen,2024-06-18
MMB-0049,LOT-205,SUP-003,MRB REVIEW,HOLE_4_POSITION,Hole 4 True Position,position,High,80.0,60.0,80.0818,60.0462,0.1879,,0.2,,,0.18789,0.01211,6.1,BORDERLINE,A|B|C,QE-Nguyen,2024-06-18
MMB-0049,LOT-205,SUP-003,MRB REVIEW,MOUNTING_FACE_FLATNESS,Mounting Face Flatness,flatness,High,,,,,0.03,0.0,0.05,,,0.03,0.02,40.0,PASS,A,QE-Nguyen,2024-06-18
MMB-0049,LOT-205,SUP-003,MRB REVIEW,OPP_FACE_PARALLELISM,Opposite Face Parallelism to Datum A,parallelism,High,,,,,0.0811,0.0,0.1,,,0.0811,0.0189,18.9,PASS,A,QE-Nguyen,2024-06-18
MMB-0049,LOT-205,SUP-003,MRB REVIEW,MOTOR_BORE_PERP,Motor Bore Perpendicularity to Datum A,perpendicularity,High,,,,,0.0911,0.0,0.15,,,0.0911,0.0589,39.3,PASS,A,QE-Nguyen,2024-06-18
MMB-0049,LOT-205,SUP-003,MRB REVIEW,OUTER_PROFILE,Profile of Outer Bracket Surface,profile,Medium,,,,,0.1383,0.0,0.3,,,0.1383,0.1617,53.9,PASS,A|B|C,QE-Nguyen,2024-06-18
MMB-0049,LOT-205,SUP-003,MRB REVIEW,HOLE_DIAMETER,Bolt Hole Diameter,diameter,High,,,,,4.97,5.0,0.05,4.95,5.05,0.03,0.02,40.0,PASS,,QE-Nguyen,2024-06-18
MMB-0049,LOT-205,SUP-003,MRB REVIEW,SLOT_WIDTH,Alignment Slot Width,width,Medium,,,,,8.0442,8.0,0.1,7.9,8.1,0.0442,0.0558,55.8,PASS,,QE-Nguyen,2024-06-18
MMB-0049,LOT-205,SUP-003,MRB REVIEW,BRACKET_THICKNESS,Bracket Thickness,thickness,Medium,,,,,5.9935,6.0,0.1,5.9,6.1,0.0065,0.0935,93.5,PASS,,QE-Nguyen,2024-06-18
MMB-0050,LOT-205,SUP-003,FAIL,HOLE_1_POSITION,Hole 1 True Position,position,High,20.0,20.0,20.0544,20.0593,0.1609,,0.2,,,0.16095,0.03905,19.5,PASS,A|B|C,QE-Nguyen,2024-06-18
MMB-0050,LOT-205,SUP-003,FAIL,HOLE_2_POSITION,Hole 2 True Position,position,High,80.0,20.0,79.9665,20.0475,0.1162,,0.2,,,0.11625,0.08375,41.9,PASS,A|B|C,QE-Nguyen,2024-06-18
MMB-0050,LOT-205,SUP-003,FAIL,HOLE_3_POSITION,Hole 3 True Position,position,High,20.0,60.0,19.9856,59.9858,0.0405,,0.2,,,0.04045,0.15955,79.8,PASS,A|B|C,QE-Nguyen,2024-06-18
MMB-0050,LOT-205,SUP-003,FAIL,HOLE_4_POSITION,Hole 4 True Position,position,High,80.0,60.0,80.0154,60.0171,0.046,,0.2,,,0.04602,0.15398,77.0,PASS,A|B|C,QE-Nguyen,2024-06-18
MMB-0050,LOT-205,SUP-003,FAIL,MOUNTING_FACE_FLATNESS,Mounting Face Flatness,flatness,High,,,,,0.0256,0.0,0.05,,,0.0256,0.0244,48.8,PASS,A,QE-Nguyen,2024-06-18
MMB-0050,LOT-205,SUP-003,FAIL,OPP_FACE_PARALLELISM,Opposite Face Parallelism to Datum A,parallelism,High,,,,,0.015,0.0,0.1,,,0.015,0.085,85.0,PASS,A,QE-Nguyen,2024-06-18
MMB-0050,LOT-205,SUP-003,FAIL,MOTOR_BORE_PERP,Motor Bore Perpendicularity to Datum A,perpendicularity,High,,,,,0.0651,0.0,0.15,,,0.0651,0.0849,56.6,PASS,A,QE-Nguyen,2024-06-18
MMB-0050,LOT-205,SUP-003,FAIL,OUTER_PROFILE,Profile of Outer Bracket Surface,profile,Medium,,,,,0.2795,0.0,0.3,,,0.2795,0.0205,6.8,BORDERLINE,A|B|C,QE-Nguyen,2024-06-18
MMB-0050,LOT-205,SUP-003,FAIL,HOLE_DIAMETER,Bolt Hole Diameter,diameter,High,,,,,4.9443,5.0,0.05,4.95,5.05,0.0557,-0.0057,-11.4,FAIL,,QE-Nguyen,2024-06-18
MMB-0050,LOT-205,SUP-003,FAIL,SLOT_WIDTH,Alignment Slot Width,width,Medium,,,,,8.0361,8.0,0.1,7.9,8.1,0.0361,0.0639,63.9,PASS,,QE-Nguyen,2024-06-18
MMB-0050,LOT-205,SUP-003,FAIL,BRACKET_THICKNESS,Bracket Thickness,thickness,Medium,,,,,6.0314,6.0,0.1,5.9,6.1,0.0314,0.0686,68.6,PASS,,QE-Nguyen,2024-06-18
