inspection_id,part_serial_number,lot_number,supplier_id,feature_id,gdandt_type,measured_x,measured_y,measured_value,nominal_value,nominal_x,nominal_y,tolerance,measurement_unit,inspector,inspection_date
INS-GDT-00001,MMB-0001,LOT-201,SUP-003,HOLE_1_POSITION,position,19.9725,20.0258,0.0754,,20.0,20.0,0.2,mm,QE-Nguyen,2024-02-15
INS-GDT-00002,MMB-0001,LOT-201,SUP-003,HOLE_2_POSITION,position,80.0237,20.0684,0.1448,,80.0,20.0,0.2,mm,QE-Nguyen,2024-02-15
INS-GDT-00003,MMB-0001,LOT-201,SUP-003,HOLE_3_POSITION,position,19.9633,59.995,0.074,,20.0,60.0,0.2,mm,QE-Nguyen,2024-02-15
INS-GDT-00004,MMB-0001,LOT-201,SUP-003,HOLE_4_POSITION,position,79.8793,59.9704,0.2485,,80.0,60.0,0.2,mm,QE-Nguyen,2024-02-15
INS-GDT-00005,MMB-0001,LOT-201,SUP-003,MOUNTING_FACE_FLATNESS,flatness,,,0.0309,0.0,,,0.05,mm,QE-Nguyen,2024-02-15
INS-GDT-00006,MMB-0001,LOT-201,SUP-003,OPP_FACE_PARALLELISM,parallelism,,,0.0271,0.0,,,0.1,mm,QE-Nguyen,2024-02-15
INS-GDT-00007,MMB-0001,LOT-201,SUP-003,MOTOR_BORE_PERP,perpendicularity,,,0.0732,0.0,,,0.15,mm,QE-Nguyen,2024-02-15
INS-GDT-00008,MMB-0001,LOT-201,SUP-003,OUTER_PROFILE,profile,,,0.1088,0.0,,,0.3,mm,QE-Nguyen,2024-02-15
INS-GDT-00009,MMB-0001,LOT-201,SUP-003,HOLE_DIAMETER,diameter,,,5.0004,5.0,,,0.05,mm,QE-Nguyen,2024-02-15
INS-GDT-00010,MMB-0001,LOT-201,SUP-003,SLOT_WIDTH,width,,,7.9972,8.0,,,0.1,mm,QE-Nguyen,2024-02-15
INS-GDT-00011,MMB-0001,LOT-201,SUP-003,BRACKET_THICKNESS,thickness,,,5.9917,6.0,,,0.1,mm,QE-Nguyen,2024-02-15
INS-GDT-00012,MMB-0002,LOT-201,SUP-003,HOLE_1_POSITION,position,19.9941,20.0111,0.0251,,20.0,20.0,0.2,mm,QE-Nguyen,2024-02-15
INS-GDT-00013,MMB-0002,LOT-201,SUP-003,HOLE_2_POSITION,position,79.9616,20.0071,0.0781,,80.0,20.0,0.2,mm,QE-Nguyen,2024-02-15
INS-GDT-00014,MMB-0002,LOT-201,SUP-003,HOLE_3_POSITION,position,19.9986,60.0454,0.0908,,20.0,60.0,0.2,mm,QE-Nguyen,2024-02-15
INS-GDT-00015,MMB-0002,LOT-201,SUP-003,HOLE_4_POSITION,position,79.9937,59.9685,0.0643,,80.0,60.0,0.2,mm,QE-Nguyen,2024-02-15
INS-GDT-00016,MMB-0002,LOT-201,SUP-003,MOUNTING_FACE_FLATNESS,flatness,,,0.0537,0.0,,,0.05,mm,QE-Nguyen,2024-02-15
INS-GDT-00017,MMB-0002,LOT-201,SUP-003,OPP_FACE_PARALLELISM,parallelism,,,0.0058,0.0,,,0.1,mm,QE-Nguyen,2024-02-15
INS-GDT-00018,MMB-0002,LOT-201,SUP-003,MOTOR_BORE_PERP,perpendicularity,,,0.1148,0.0,,,0.15,mm,QE-Nguyen,2024-02-15
INS-GDT-00019,MMB-0002,LOT-201,SUP-003,OUTER_PROFILE,profile,,,0.1745,0.0,,,0.3,mm,QE-Nguyen,2024-02-15
INS-GDT-00020,MMB-0002,LOT-201,SUP-003,HOLE_DIAMETER,diameter,,,4.978,5.0,,,0.05,mm,QE-Nguyen,2024-02-15
INS-GDT-00021,MMB-0002,LOT-201,SUP-003,SLOT_WIDTH,width,,,8.0439,8.0,,,0.1,mm,QE-Nguyen,2024-02-15
INS-GDT-00022,MMB-0002,LOT-201,SUP-003,BRACKET_THICKNESS,thickness,,,6.0143,6.0,,,0.1,mm,QE-Nguyen,2024-02-15
INS-GDT-00023,MMB-0003,LOT-201,SUP-003,HOLE_1_POSITION,position,19.9807,19.9421,0.1222,,20.0,20.0,0.2,mm,QE-Nguyen,2024-02-15
INS-GDT-00024,MMB-0003,LOT-201,SUP-003,HOLE_2_POSITION,position,80.0283,19.9648,0.0904,,80.0,20.0,0.2,mm,QE-Nguyen,2024-02-15
INS-GDT-00025,MMB-0003,LOT-201,SUP-003,HOLE_3_POSITION,position,19.9449,59.9859,0.1138,,20.0,60.0,0.2,mm,QE-Nguyen,2024-02-15
INS-GDT-00026,MMB-0003,LOT-201,SUP-003,HOLE_4_POSITION,position,79.9723,60.004,0.056,,80.0,60.0,0.2,mm,QE-Nguyen,2024-02-15
INS-GDT-00027,MMB-0003,LOT-201,SUP-003,MOUNTING_FACE_FLATNESS,flatness,,,0.0224,0.0,,,0.05,mm,QE-Nguyen,2024-02-15
INS-GDT-00028,MMB-0003,LOT-201,SUP-003,OPP_FACE_PARALLELISM,parallelism,,,0.091,0.0,,,0.1,mm,QE-Nguyen,2024-02-15
INS-GDT-00029,MMB-0003,LOT-201,SUP-003,MOTOR_BORE_PERP,perpendicularity,,,0.0979,0.0,,,0.15,mm,QE-Nguyen,2024-02-15
INS-GDT-00030,MMB-0003,LOT-201,SUP-003,OUTER_PROFILE,profile,,,0.108,0.0,,,0.3,mm,QE-Nguyen,2024-02-15
INS-GDT-00031,MMB-0003,LOT-201,SUP-003,HOLE_DIAMETER,diameter,,,4.9819,5.0,,,0.05,mm,QE-Nguyen,2024-02-15
INS-GDT-00032,MMB-0003,LOT-201,SUP-003,SLOT_WIDTH,width,,,8.0457,8.0,,,0.1,mm,QE-Nguyen,2024-02-15
INS-GDT-00033,MMB-0003,LOT-201,SUP-003,BRACKET_THICKNESS,thickness,,,6.0246,6.0,,,0.1,mm,QE-Nguyen,2024-02-15
INS-GDT-00034,MMB-0004,LOT-201,SUP-003,HOLE_1_POSITION,position,20.1328,20.0132,0.2669,,20.0,20.0,0.2,mm,QE-Nguyen,2024-02-15
INS-GDT-00035,MMB-0004,LOT-201,SUP-003,HOLE_2_POSITION,position,80.0821,20.023,0.1705,,80.0,20.0,0.2,mm,QE-Nguyen,2024-02-15
INS-GDT-00036,MMB-0004,LOT-201,SUP-003,HOLE_3_POSITION,position,20.0034,59.9396,0.121,,20.0,60.0,0.2,mm,QE-Nguyen,2024-02-15
INS-GDT-00037,MMB-0004,LOT-201,SUP-003,HOLE_4_POSITION,position,80.0433,59.9494,0.1332,,80.0,60.0,0.2,mm,QE-Nguyen,2024-02-15
INS-GDT-00038,MMB-0004,LOT-201,SUP-003,MOUNTING_FACE_FLATNESS,flatness,,,0.0173,0.0,,,0.05,mm,QE-Nguyen,2024-02-15
INS-GDT-00039,MMB-0004,LOT-201,SUP-003,OPP_FACE_PARALLELISM,parallelism,,,0.0537,0.0,,,0.1,mm,QE-Nguyen,2024-02-15
INS-GDT-00040,MMB-0004,LOT-201,SUP-003,MOTOR_BORE_PERP,perpendicularity,,,0.059,0.0,,,0.15,mm,QE-Nguyen,2024-02-15
INS-GDT-00041,MMB-0004,LOT-201,SUP-003,OUTER_PROFILE,profile,,,0.0106,0.0,,,0.3,mm,QE-Nguyen,2024-02-15
INS-GDT-00042,MMB-0004,LOT-201,SUP-003,HOLE_DIAMETER,diameter,,,4.9841,5.0,,,0.05,mm,QE-Nguyen,2024-02-15
INS-GDT-00043,MMB-0004,LOT-201,SUP-003,SLOT_WIDTH,width,,,8.0379,8.0,,,0.1,mm,QE-Nguyen,2024-02-15
INS-GDT-00044,MMB-0004,LOT-201,SUP-003,BRACKET_THICKNESS,thickness,,,6.0219,6.0,,,0.1,mm,QE-Nguyen,2024-02-15
INS-GDT-00045,MMB-0005,LOT-201,SUP-003,HOLE_1_POSITION,position,20.0349,20.0087,0.072,,20.0,20.0,0.2,mm,QE-Nguyen,2024-02-15
INS-GDT-00046,MMB-0005,LOT-201,SUP-003,HOLE_2_POSITION,position,80.0331,20.0121,0.0705,,80.0,20.0,0.2,mm,QE-Nguyen,2024-02-15
INS-GDT-00047,MMB-0005,LOT-201,SUP-003,HOLE_3_POSITION,position,19.9933,60.0466,0.0941,,20.0,60.0,0.2,mm,QE-Nguyen,2024-02-15
INS-GDT-00048,MMB-0005,LOT-201,SUP-003,HOLE_4_POSITION,position,79.9853,59.9538,0.097,,80.0,60.0,0.2,mm,QE-Nguyen,2024-02-15
INS-GDT-00049,MMB-0005,LOT-201,SUP-003,MOUNTING_FACE_FLATNESS,flatness,,,0.0432,0.0,,,0.05,mm,QE-Nguyen,2024-02-15
INS-GDT-00050,MMB-0005,LOT-201,SUP-003,OPP_FACE_PARALLELISM,parallelism,,,0.092,0.0,,,0.1,mm,QE-Nguyen,2024-02-15
INS-GDT-00051,MMB-0005,LOT-201,SUP-003,MOTOR_BORE_PERP,perpendicularity,,,0.007,0.0,,,0.15,mm,QE-Nguyen,2024-02-15
INS-GDT-00052,MMB-0005,LOT-201,SUP-003,OUTER_PROFILE,profile,,,0.1647,0.0,,,0.3,mm,QE-Nguyen,2024-02-15
INS-GDT-00053,MMB-0005,LOT-201,SUP-003,HOLE_DIAMETER,diameter,,,4.9591,5.0,,,0.05,mm,QE-Nguyen,2024-02-15
INS-GDT-00054,MMB-0005,LOT-201,SUP-003,SLOT_WIDTH,width,,,8.0421,8.0,,,0.1,mm,QE-Nguyen,2024-02-15
INS-GDT-00055,MMB-0005,LOT-201,SUP-003,BRACKET_THICKNESS,thickness,,,5.9817,6.0,,,0.1,mm,QE-Nguyen,2024-02-15
INS-GDT-00056,MMB-0006,LOT-201,SUP-003,HOLE_1_POSITION,position,20.0392,19.9693,0.0997,,20.0,20.0,0.2,mm,QE-Nguyen,2024-02-15
INS-GDT-00057,MMB-0006,LOT-201,SUP-003,HOLE_2_POSITION,position,80.0166,19.931,0.142,,80.0,20.0,0.2,mm,QE-Nguyen,2024-02-15
INS-GDT-00058,MMB-0006,LOT-201,SUP-003,HOLE_3_POSITION,position,19.9888,59.9976,0.023,,20.0,60.0,0.2,mm,QE-Nguyen,2024-02-15
INS-GDT-00059,MMB-0006,LOT-201,SUP-003,HOLE_4_POSITION,position,80.0577,60.1077,0.2443,,80.0,60.0,0.2,mm,QE-Nguyen,2024-02-15
INS-GDT-00060,MMB-0006,LOT-201,SUP-003,MOUNTING_FACE_FLATNESS,flatness,,,0.0337,0.0,,,0.05,mm,QE-Nguyen,2024-02-15
INS-GDT-00061,MMB-0006,LOT-201,SUP-003,OPP_FACE_PARALLELISM,parallelism,,,0.0639,0.0,,,0.1,mm,QE-Nguyen,2024-02-15
INS-GDT-00062,MMB-0006,LOT-201,SUP-003,MOTOR_BORE_PERP,perpendicularity,,,0.0289,0.0,,,0.15,mm,QE-Nguyen,2024-02-15
INS-GDT-00063,MMB-0006,LOT-201,SUP-003,OUTER_PROFILE,profile,,,0.0207,0.0,,,0.3,mm,QE-Nguyen,2024-02-15
INS-GDT-00064,MMB-0006,LOT-201,SUP-003,HOLE_DIAMETER,diameter,,,5.0038,5.0,,,0.05,mm,QE-Nguyen,2024-02-15
INS-GDT-00065,MMB-0006,LOT-201,SUP-003,SLOT_WIDTH,width,,,8.0141,8.0,,,0.1,mm,QE-Nguyen,2024-02-15
INS-GDT-00066,MMB-0006,LOT-201,SUP-003,BRACKET_THICKNESS,thickness,,,6.0202,6.0,,,0.1,mm,QE-Nguyen,2024-02-15
INS-GDT-00067,MMB-0007,LOT-201,SUP-003,HOLE_1_POSITION,position,20.0352,20.018,0.0792,,20.0,20.0,0.2,mm,QE-Nguyen,2024-02-15
INS-GDT-00068,MMB-0007,LOT-201,SUP-003,HOLE_2_POSITION,position,79.9267,20.0446,0.1717,,80.0,20.0,0.2,mm,QE-Nguyen,2024-02-15
INS-GDT-00069,MMB-0007,LOT-201,SUP-003,HOLE_3_POSITION,position,19.9958,59.9618,0.0769,,20.0,60.0,0.2,mm,QE-Nguyen,2024-02-15
INS-GDT-00070,MMB-0007,LOT-201,SUP-003,HOLE_4_POSITION,position,79.9751,59.9161,0.1751,,80.0,60.0,0.2,mm,QE-Nguyen,2024-02-15
INS-GDT-00071,MMB-0007,LOT-201,SUP-003,MOUNTING_FACE_FLATNESS,flatness,,,0.0198,0.0,,,0.05,mm,QE-Nguyen,2024-02-15
INS-GDT-00072,MMB-0007,LOT-201,SUP-003,OPP_FACE_PARALLELISM,parallelism,,,0.0775,0.0,,,0.1,mm,QE-Nguyen,2024-02-15
INS-GDT-00073,MMB-0007,LOT-201,SUP-003,MOTOR_BORE_PERP,perpendicularity,,,0.0569,0.0,,,0.15,mm,QE-Nguyen,2024-02-15
INS-GDT-00074,MMB-0007,LOT-201,SUP-003,OUTER_PROFILE,profile,,,0.0597,0.0,,,0.3,mm,QE-Nguyen,2024-02-15
INS-GDT-00075,MMB-0007,LOT-201,SUP-003,HOLE_DIAMETER,diameter,,,4.9948,5.0,,,0.05,mm,QE-Nguyen,2024-02-15
INS-GDT-00076,MMB-0007,LOT-201,SUP-003,SLOT_WIDTH,width,,,8.0238,8.0,,,0.1,mm,QE-Nguyen,2024-02-15
INS-GDT-00077,MMB-0007,LOT-201,SUP-003,BRACKET_THICKNESS,thickness,,,5.9713,6.0,,,0.1,mm,QE-Nguyen,2024-02-15
INS-GDT-00078,MMB-0008,LOT-201,SUP-003,HOLE_1_POSITION,position,19.949,20.0064,0.1027,,20.0,20.0,0.2,mm,QE-Nguyen,2024-02-15
INS-GDT-00079,MMB-0008,LOT-201,SUP-003,HOLE_2_POSITION,position,79.9375,20.0973,0.2312,,80.0,20.0,0.2,mm,QE-Nguyen,2024-02-15
INS-GDT-00080,MMB-0008,LOT-201,SUP-003,HOLE_3_POSITION,position,19.9939,59.9637,0.0736,,20.0,60.0,0.2,mm,QE-Nguyen,2024-02-15
INS-GDT-00081,MMB-0008,LOT-201,SUP-003,HOLE_4_POSITION,position,79.951,59.971,0.1139,,80.0,60.0,0.2,mm,QE-Nguyen,2024-02-15
INS-GDT-00082,MMB-0008,LOT-201,SUP-003,MOUNTING_FACE_FLATNESS,flatness,,,0.0165,0.0,,,0.05,mm,QE-Nguyen,2024-02-15
INS-GDT-00083,MMB-0008,LOT-201,SUP-003,OPP_FACE_PARALLELISM,parallelism,,,0.0077,0.0,,,0.1,mm,QE-Nguyen,2024-02-15
INS-GDT-00084,MMB-0008,LOT-201,SUP-003,MOTOR_BORE_PERP,perpendicularity,,,0.1205,0.0,,,0.15,mm,QE-Nguyen,2024-02-15
INS-GDT-00085,MMB-0008,LOT-201,SUP-003,OUTER_PROFILE,profile,,,0.1189,0.0,,,0.3,mm,QE-Nguyen,2024-02-15
INS-GDT-00086,MMB-0008,LOT-201,SUP-003,HOLE_DIAMETER,diameter,,,4.9995,5.0,,,0.05,mm,QE-Nguyen,2024-02-15
INS-GDT-00087,MMB-0008,LOT-201,SUP-003,SLOT_WIDTH,width,,,8.0345,8.0,,,0.1,mm,QE-Nguyen,2024-02-15
INS-GDT-00088,MMB-0008,LOT-201,SUP-003,BRACKET_THICKNESS,thickness,,,5.9786,6.0,,,0.1,mm,QE-Nguyen,2024-02-15
INS-GDT-00089,MMB-0009,LOT-201,SUP-003,HOLE_1_POSITION,position,19.9621,20.0229,0.0886,,20.0,20.0,0.2,mm,QE-Nguyen,2024-02-15
INS-GDT-00090,MMB-0009,LOT-201,SUP-003,HOLE_2_POSITION,position,79.9968,20.0172,0.0351,,80.0,20.0,0.2,mm,QE-Nguyen,2024-02-15
INS-GDT-00091,MMB-0009,LOT-201,SUP-003,HOLE_3_POSITION,position,19.9968,59.9903,0.0203,,20.0,60.0,0.2,mm,QE-Nguyen,2024-02-15
INS-GDT-00092,MMB-0009,LOT-201,SUP-003,HOLE_4_POSITION,position,80.086,60.0639,0.2144,,80.0,60.0,0.2,mm,QE-Nguyen,2024-02-15
INS-GDT-00093,MMB-0009,LOT-201,SUP-003,MOUNTING_FACE_FLATNESS,flatness,,,0.0125,0.0,,,0.05,mm,QE-Nguyen,2024-02-15
INS-GDT-00094,MMB-0009,LOT-201,SUP-003,OPP_FACE_PARALLELISM,parallelism,,,0.0994,0.0,,,0.1,mm,QE-Nguyen,2024-02-15
INS-GDT-00095,MMB-0009,LOT-201,SUP-003,MOTOR_BORE_PERP,perpendicularity,,,0.1563,0.0,,,0.15,mm,QE-Nguyen,2024-02-15
INS-GDT-00096,MMB-0009,LOT-201,SUP-003,OUTER_PROFILE,profile,,,0.2062,0.0,,,0.3,mm,QE-Nguyen,2024-02-15
INS-GDT-00097,MMB-0009,LOT-201,SUP-003,HOLE_DIAMETER,diameter,,,4.9957,5.0,,,0.05,mm,QE-Nguyen,2024-02-15
INS-GDT-00098,MMB-0009,LOT-201,SUP-003,SLOT_WIDTH,width,,,7.9893,8.0,,,0.1,mm,QE-Nguyen,2024-02-15
INS-GDT-00099,MMB-0009,LOT-201,SUP-003,BRACKET_THICKNESS,thickness,,,6.0232,6.0,,,0.1,mm,QE-Nguyen,2024-02-15
INS-GDT-00100,MMB-0010,LOT-201,SUP-003,HOLE_1_POSITION,position,19.969,20.0178,0.0714,,20.0,20.0,0.2,mm,QE-Nguyen,2024-02-15
INS-GDT-00101,MMB-0010,LOT-201,SUP-003,HOLE_2_POSITION,position,79.9989,20.0609,0.1218,,80.0,20.0,0.2,mm,QE-Nguyen,2024-02-15
INS-GDT-00102,MMB-0010,LOT-201,SUP-003,HOLE_3_POSITION,position,19.9844,59.9823,0.0472,,20.0,60.0,0.2,mm,QE-Nguyen,2024-02-15
INS-GDT-00103,MMB-0010,LOT-201,SUP-003,HOLE_4_POSITION,position,80.0227,60.116,0.2365,,80.0,60.0,0.2,mm,QE-Nguyen,2024-02-15
INS-GDT-00104,MMB-0010,LOT-201,SUP-003,MOUNTING_FACE_FLATNESS,flatness,,,0.0262,0.0,,,0.05,mm,QE-Nguyen,2024-02-15
INS-GDT-00105,MMB-0010,LOT-201,SUP-003,OPP_FACE_PARALLELISM,parallelism,,,0.0425,0.0,,,0.1,mm,QE-Nguyen,2024-02-15
INS-GDT-00106,MMB-0010,LOT-201,SUP-003,MOTOR_BORE_PERP,perpendicularity,,,0.1043,0.0,,,0.15,mm,QE-Nguyen,2024-02-15
INS-GDT-00107,MMB-0010,LOT-201,SUP-003,OUTER_PROFILE,profile,,,0.1703,0.0,,,0.3,mm,QE-Nguyen,2024-02-15
INS-GDT-00108,MMB-0010,LOT-201,SUP-003,HOLE_DIAMETER,diameter,,,4.981,5.0,,,0.05,mm,QE-Nguyen,2024-02-15
INS-GDT-00109,MMB-0010,LOT-201,SUP-003,SLOT_WIDTH,width,,,7.9939,8.0,,,0.1,mm,QE-Nguyen,2024-02-15
INS-GDT-00110,MMB-0010,LOT-201,SUP-003,BRACKET_THICKNESS,thickness,,,6.0324,6.0,,,0.1,mm,QE-Nguyen,2024-02-15
INS-GDT-00111,MMB-0011,LOT-202,SUP-003,HOLE_1_POSITION,position,20.0268,19.9543,0.106,,20.0,20.0,0.2,mm,QE-Nguyen,2024-03-10
INS-GDT-00112,MMB-0011,LOT-202,SUP-003,HOLE_2_POSITION,position,80.031,19.992,0.0641,,80.0,20.0,0.2,mm,QE-Nguyen,2024-03-10
INS-GDT-00113,MMB-0011,LOT-202,SUP-003,HOLE_3_POSITION,position,19.9845,59.9646,0.0774,,20.0,60.0,0.2,mm,QE-Nguyen,2024-03-10
INS-GDT-00114,MMB-0011,LOT-202,SUP-003,HOLE_4_POSITION,position,79.9786,60.0334,0.0793,,80.0,60.0,0.2,mm,QE-Nguyen,2024-03-10
INS-GDT-00115,MMB-0011,LOT-202,SUP-003,MOUNTING_FACE_FLATNESS,flatness,,,0.0407,0.0,,,0.05,mm,QE-Nguyen,2024-03-10
INS-GDT-00116,MMB-0011,LOT-202,SUP-003,OPP_FACE_PARALLELISM,parallelism,,,0.0708,0.0,,,0.1,mm,QE-Nguyen,2024-03-10
INS-GDT-00117,MMB-0011,LOT-202,SUP-003,MOTOR_BORE_PERP,perpendicularity,,,0.1246,0.0,,,0.15,mm,QE-Nguyen,2024-03-10
INS-GDT-00118,MMB-0011,LOT-202,SUP-003,OUTER_PROFILE,profile,,,0.2977,0.0,,,0.3,mm,QE-Nguyen,2024-03-10
INS-GDT-00119,MMB-0011,LOT-202,SUP-003,HOLE_DIAMETER,diameter,,,4.9935,5.0,,,0.05,mm,QE-Nguyen,2024-03-10
INS-GDT-00120,MMB-0011,LOT-202,SUP-003,SLOT_WIDTH,width,,,8.0038,8.0,,,0.1,mm,QE-Nguyen,2024-03-10
INS-GDT-00121,MMB-0011,LOT-202,SUP-003,BRACKET_THICKNESS,thickness,,,5.969,6.0,,,0.1,mm,QE-Nguyen,2024-03-10
INS-GDT-00122,MMB-0012,LOT-202,SUP-003,HOLE_1_POSITION,position,20.0595,20.065,0.1762,,20.0,20.0,0.2,mm,QE-Nguyen,2024-03-10
INS-GDT-00123,MMB-0012,LOT-202,SUP-003,HOLE_2_POSITION,position,79.9566,20.0309,0.1065,,80.0,20.0,0.2,mm,QE-Nguyen,2024-03-10
INS-GDT-00124,MMB-0012,LOT-202,SUP-003,HOLE_3_POSITION,position,20.0487,60.0091,0.099,,20.0,60.0,0.2,mm,QE-Nguyen,2024-03-10
INS-GDT-00125,MMB-0012,LOT-202,SUP-003,HOLE_4_POSITION,position,80.0508,60.0105,0.1038,,80.0,60.0,0.2,mm,QE-Nguyen,2024-03-10
INS-GDT-00126,MMB-0012,LOT-202,SUP-003,MOUNTING_FACE_FLATNESS,flatness,,,0.0067,0.0,,,0.05,mm,QE-Nguyen,2024-03-10
INS-GDT-00127,MMB-0012,LOT-202,SUP-003,OPP_FACE_PARALLELISM,parallelism,,,0.0865,0.0,,,0.1,mm,QE-Nguyen,2024-03-10
INS-GDT-00128,MMB-0012,LOT-202,SUP-003,MOTOR_BORE_PERP,perpendicularity,,,0.123,0.0,,,0.15,mm,QE-Nguyen,2024-03-10
INS-GDT-00129,MMB-0012,LOT-202,SUP-003,OUTER_PROFILE,profile,,,0.1714,0.0,,,0.3,mm,QE-Nguyen,2024-03-10
INS-GDT-00130,MMB-0012,LOT-202,SUP-003,HOLE_DIAMETER,diameter,,,4.9809,5.0,,,0.05,mm,QE-Nguyen,2024-03-10
INS-GDT-00131,MMB-0012,LOT-202,SUP-003,SLOT_WIDTH,width,,,7.9875,8.0,,,0.1,mm,QE-Nguyen,2024-03-10
INS-GDT-00132,MMB-0012,LOT-202,SUP-003,BRACKET_THICKNESS,thickness,,,5.9767,6.0,,,0.1,mm,QE-Nguyen,2024-03-10
INS-GDT-00133,MMB-0013,LOT-202,SUP-003,HOLE_1_POSITION,position,20.0385,20.0634,0.1484,,20.0,20.0,0.2,mm,QE-Nguyen,2024-03-10
INS-GDT-00134,MMB-0013,LOT-202,SUP-003,HOLE_2_POSITION,position,80.0212,20.047,0.1032,,80.0,20.0,0.2,mm,QE-Nguyen,2024-03-10
INS-GDT-00135,MMB-0013,LOT-202,SUP-003,HOLE_3_POSITION,position,19.9653,60.0058,0.0704,,20.0,60.0,0.2,mm,QE-Nguyen,2024-03-10
INS-GDT-00136,MMB-0013,LOT-202,SUP-003,HOLE_4_POSITION,position,79.9178,59.9537,0.1887,,80.0,60.0,0.2,mm,QE-Nguyen,2024-03-10
INS-GDT-00137,MMB-0013,LOT-202,SUP-003,MOUNTING_FACE_FLATNESS,flatness,,,0.0382,0.0,,,0.05,mm,QE-Nguyen,2024-03-10
INS-GDT-00138,MMB-0013,LOT-202,SUP-003,OPP_FACE_PARALLELISM,parallelism,,,0.0478,0.0,,,0.1,mm,QE-Nguyen,2024-03-10
INS-GDT-00139,MMB-0013,LOT-202,SUP-003,MOTOR_BORE_PERP,perpendicularity,,,0.1184,0.0,,,0.15,mm,QE-Nguyen,2024-03-10
INS-GDT-00140,MMB-0013,LOT-202,SUP-003,OUTER_PROFILE,profile,,,0.1577,0.0,,,0.3,mm,QE-Nguyen,2024-03-10
INS-GDT-00141,MMB-0013,LOT-202,SUP-003,HOLE_DIAMETER,diameter,,,5.0547,5.0,,,0.05,mm,QE-Nguyen,2024-03-10
INS-GDT-00142,MMB-0013,LOT-202,SUP-003,SLOT_WIDTH,width,,,8.0128,8.0,,,0.1,mm,QE-Nguyen,2024-03-10
INS-GDT-00143,MMB-0013,LOT-202,SUP-003,BRACKET_THICKNESS,thickness,,,5.9698,6.0,,,0.1,mm,QE-Nguyen,2024-03-10
INS-GDT-00144,MMB-0014,LOT-202,SUP-003,HOLE_1_POSITION,position,19.9983,19.9518,0.0964,,20.0,20.0,0.2,mm,QE-Nguyen,2024-03-10
INS-GDT-00145,MMB-0014,LOT-202,SUP-003,HOLE_2_POSITION,position,80.0489,20.0021,0.0978,,80.0,20.0,0.2,mm,QE-Nguyen,2024-03-10
INS-GDT-00146,MMB-0014,LOT-202,SUP-003,HOLE_3_POSITION,position,19.9945,59.995,0.0148,,20.0,60.0,0.2,mm,QE-Nguyen,2024-03-10
INS-GDT-00147,MMB-0014,LOT-202,SUP-003,HOLE_4_POSITION,position,80.0444,59.9729,0.1041,,80.0,60.0,0.2,mm,QE-Nguyen,2024-03-10
INS-GDT-00148,MMB-0014,LOT-202,SUP-003,MOUNTING_FACE_FLATNESS,flatness,,,0.0367,0.0,,,0.05,mm,QE-Nguyen,2024-03-10
INS-GDT-00149,MMB-0014,LOT-202,SUP-003,OPP_FACE_PARALLELISM,parallelism,,,0.0864,0.0,,,0.1,mm,QE-Nguyen,2024-03-10
INS-GDT-00150,MMB-0014,LOT-202,SUP-003,MOTOR_BORE_PERP,perpendicularity,,,0.0563,0.0,,,0.15,mm,QE-Nguyen,2024-03-10
INS-GDT-00151,MMB-0014,LOT-202,SUP-003,OUTER_PROFILE,profile,,,0.0552,0.0,,,0.3,mm,QE-Nguyen,2024-03-10
INS-GDT-00152,MMB-0014,LOT-202,SUP-003,HOLE_DIAMETER,diameter,,,4.9897,5.0,,,0.05,mm,QE-Nguyen,2024-03-10
INS-GDT-00153,MMB-0014,LOT-202,SUP-003,SLOT_WIDTH,width,,,8.0313,8.0,,,0.1,mm,QE-Nguyen,2024-03-10
INS-GDT-00154,MMB-0014,LOT-202,SUP-003,BRACKET_THICKNESS,thickness,,,6.0073,6.0,,,0.1,mm,QE-Nguyen,2024-03-10
INS-GDT-00155,MMB-0015,LOT-202,SUP-003,HOLE_1_POSITION,position,20.0315,20.0881,0.1872,,20.0,20.0,0.2,mm,QE-Nguyen,2024-03-10
INS-GDT-00156,MMB-0015,LOT-202,SUP-003,HOLE_2_POSITION,position,80.0115,19.9596,0.0841,,80.0,20.0,0.2,mm,QE-Nguyen,2024-03-10
INS-GDT-00157,MMB-0015,LOT-202,SUP-003,HOLE_3_POSITION,position,20.0423,60.0021,0.0847,,20.0,60.0,0.2,mm,QE-Nguyen,2024-03-10
INS-GDT-00158,MMB-0015,LOT-202,SUP-003,HOLE_4_POSITION,position,80.0523,60.064,0.1653,,80.0,60.0,0.2,mm,QE-Nguyen,2024-03-10
INS-GDT-00159,MMB-0015,LOT-202,SUP-003,MOUNTING_FACE_FLATNESS,flatness,,,0.0106,0.0,,,0.05,mm,QE-Nguyen,2024-03-10
INS-GDT-00160,MMB-0015,LOT-202,SUP-003,OPP_FACE_PARALLELISM,parallelism,,,0.0965,0.0,,,0.1,mm,QE-Nguyen,2024-03-10
INS-GDT-00161,MMB-0015,LOT-202,SUP-003,MOTOR_BORE_PERP,perpendicularity,,,0.1062,0.0,,,0.15,mm,QE-Nguyen,2024-03-10
INS-GDT-00162,MMB-0015,LOT-202,SUP-003,OUTER_PROFILE,profile,,,0.0777,0.0,,,0.3,mm,QE-Nguyen,2024-03-10
INS-GDT-00163,MMB-0015,LOT-202,SUP-003,HOLE_DIAMETER,diameter,,,5.0061,5.0,,,0.05,mm,QE-Nguyen,2024-03-10
INS-GDT-00164,MMB-0015,LOT-202,SUP-003,SLOT_WIDTH,width,,,8.0177,8.0,,,0.1,mm,QE-Nguyen,2024-03-10
INS-GDT-00165,MMB-0015,LOT-202,SUP-003,BRACKET_THICKNESS,thickness,,,6.0056,6.0,,,0.1,mm,QE-Nguyen,2024-03-10
INS-GDT-00166,MMB-0016,LOT-202,SUP-003,HOLE_1_POSITION,position,20.0436,20.0719,0.1681,,20.0,20.0,0.2,mm,QE-Nguyen,2024-03-10
INS-GDT-00167,MMB-0016,LOT-202,SUP-003,HOLE_2_POSITION,position,80.0004,20.0665,0.1331,,80.0,20.0,0.2,mm,QE-Nguyen,2024-03-10
INS-GDT-00168,MMB-0016,LOT-202,SUP-003,HOLE_3_POSITION,position,20.0395,60.0093,0.0812,,20.0,60.0,0.2,mm,QE-Nguyen,2024-03-10
INS-GDT-00169,MMB-0016,LOT-202,SUP-003,HOLE_4_POSITION,position,80.0106,59.9308,0.1399,,80.0,60.0,0.2,mm,QE-Nguyen,2024-03-10
INS-GDT-00170,MMB-0016,LOT-202,SUP-003,MOUNTING_FACE_FLATNESS,flatness,,,0.0025,0.0,,,0.05,mm,QE-Nguyen,2024-03-10
INS-GDT-00171,MMB-0016,LOT-202,SUP-003,OPP_FACE_PARALLELISM,parallelism,,,0.06,0.0,,,0.1,mm,QE-Nguyen,2024-03-10
INS-GDT-00172,MMB-0016,LOT-202,SUP-003,MOTOR_BORE_PERP,perpendicularity,,,0.0358,0.0,,,0.15,mm,QE-Nguyen,2024-03-10
INS-GDT-00173,MMB-0016,LOT-202,SUP-003,OUTER_PROFILE,profile,,,0.1172,0.0,,,0.3,mm,QE-Nguyen,2024-03-10
INS-GDT-00174,MMB-0016,LOT-202,SUP-003,HOLE_DIAMETER,diameter,,,4.9893,5.0,,,0.05,mm,QE-Nguyen,2024-03-10
INS-GDT-00175,MMB-0016,LOT-202,SUP-003,SLOT_WIDTH,width,,,7.9563,8.0,,,0.1,mm,QE-Nguyen,2024-03-10
INS-GDT-00176,MMB-0016,LOT-202,SUP-003,BRACKET_THICKNESS,thickness,,,6.0139,6.0,,,0.1,mm,QE-Nguyen,2024-03-10
INS-GDT-00177,MMB-0017,LOT-202,SUP-003,HOLE_1_POSITION,position,19.9793,20.004,0.0422,,20.0,20.0,0.2,mm,QE-Nguyen,2024-03-10
INS-GDT-00178,MMB-0017,LOT-202,SUP-003,HOLE_2_POSITION,position,79.9553,19.9833,0.0954,,80.0,20.0,0.2,mm,QE-Nguyen,2024-03-10
INS-GDT-00179,MMB-0017,LOT-202,SUP-003,HOLE_3_POSITION,position,20.0624,60.0051,0.1253,,20.0,60.0,0.2,mm,QE-Nguyen,2024-03-10
INS-GDT-00180,MMB-0017,LOT-202,SUP-003,HOLE_4_POSITION,position,80.033,59.9237,0.1662,,80.0,60.0,0.2,mm,QE-Nguyen,2024-03-10
INS-GDT-00181,MMB-0017,LOT-202,SUP-003,MOUNTING_FACE_FLATNESS,flatness,,,0.0608,0.0,,,0.05,mm,QE-Nguyen,2024-03-10
INS-GDT-00182,MMB-0017,LOT-202,SUP-003,OPP_FACE_PARALLELISM,parallelism,,,0.1103,0.0,,,0.1,mm,QE-Nguyen,2024-03-10
INS-GDT-00183,MMB-0017,LOT-202,SUP-003,MOTOR_BORE_PERP,perpendicularity,,,0.1245,0.0,,,0.15,mm,QE-Nguyen,2024-03-10
INS-GDT-00184,MMB-0017,LOT-202,SUP-003,OUTER_PROFILE,profile,,,0.178,0.0,,,0.3,mm,QE-Nguyen,2024-03-10
INS-GDT-00185,MMB-0017,LOT-202,SUP-003,HOLE_DIAMETER,diameter,,,5.0003,5.0,,,0.05,mm,QE-Nguyen,2024-03-10
INS-GDT-00186,MMB-0017,LOT-202,SUP-003,SLOT_WIDTH,width,,,8.0233,8.0,,,0.1,mm,QE-Nguyen,2024-03-10
INS-GDT-00187,MMB-0017,LOT-202,SUP-003,BRACKET_THICKNESS,thickness,,,6.0312,6.0,,,0.1,mm,QE-Nguyen,2024-03-10
INS-GDT-00188,MMB-0018,LOT-202,SUP-003,HOLE_1_POSITION,position,19.9686,19.9778,0.077,,20.0,20.0,0.2,mm,QE-Nguyen,2024-03-10
INS-GDT-00189,MMB-0018,LOT-202,SUP-003,HOLE_2_POSITION,position,79.9165,19.9614,0.1839,,80.0,20.0,0.2,mm,QE-Nguyen,2024-03-10
INS-GDT-00190,MMB-0018,LOT-202,SUP-003,HOLE_3_POSITION,position,20.0665,59.9866,0.1356,,20.0,60.0,0.2,mm,QE-Nguyen,2024-03-10
INS-GDT-00191,MMB-0018,LOT-202,SUP-003,HOLE_4_POSITION,position,79.9809,60.0191,0.0539,,80.0,60.0,0.2,mm,QE-Nguyen,2024-03-10
INS-GDT-00192,MMB-0018,LOT-202,SUP-003,MOUNTING_FACE_FLATNESS,flatness,,,0.0008,0.0,,,0.05,mm,QE-Nguyen,2024-03-10
INS-GDT-00193,MMB-0018,LOT-202,SUP-003,OPP_FACE_PARALLELISM,parallelism,,,0.0834,0.0,,,0.1,mm,QE-Nguyen,2024-03-10
INS-GDT-00194,MMB-0018,LOT-202,SUP-003,MOTOR_BORE_PERP,perpendicularity,,,0.1207,0.0,,,0.15,mm,QE-Nguyen,2024-03-10
INS-GDT-00195,MMB-0018,LOT-202,SUP-003,OUTER_PROFILE,profile,,,0.1464,0.0,,,0.3,mm,QE-Nguyen,2024-03-10
INS-GDT-00196,MMB-0018,LOT-202,SUP-003,HOLE_DIAMETER,diameter,,,5.033,5.0,,,0.05,mm,QE-Nguyen,2024-03-10
INS-GDT-00197,MMB-0018,LOT-202,SUP-003,SLOT_WIDTH,width,,,7.9702,8.0,,,0.1,mm,QE-Nguyen,2024-03-10
INS-GDT-00198,MMB-0018,LOT-202,SUP-003,BRACKET_THICKNESS,thickness,,,6.0511,6.0,,,0.1,mm,QE-Nguyen,2024-03-10
INS-GDT-00199,MMB-0019,LOT-202,SUP-003,HOLE_1_POSITION,position,19.9635,19.936,0.1474,,20.0,20.0,0.2,mm,QE-Nguyen,2024-03-10
INS-GDT-00200,MMB-0019,LOT-202,SUP-003,HOLE_2_POSITION,position,79.9881,20.0936,0.1887,,80.0,20.0,0.2,mm,QE-Nguyen,2024-03-10
INS-GDT-00201,MMB-0019,LOT-202,SUP-003,HOLE_3_POSITION,position,19.9992,59.9627,0.0746,,20.0,60.0,0.2,mm,QE-Nguyen,2024-03-10
INS-GDT-00202,MMB-0019,LOT-202,SUP-003,HOLE_4_POSITION,position,79.9223,59.9937,0.1559,,80.0,60.0,0.2,mm,QE-Nguyen,2024-03-10
INS-GDT-00203,MMB-0019,LOT-202,SUP-003,MOUNTING_FACE_FLATNESS,flatness,,,0.0049,0.0,,,0.05,mm,QE-Nguyen,2024-03-10
INS-GDT-00204,MMB-0019,LOT-202,SUP-003,OPP_FACE_PARALLELISM,parallelism,,,0.016,0.0,,,0.1,mm,QE-Nguyen,2024-03-10
INS-GDT-00205,MMB-0019,LOT-202,SUP-003,MOTOR_BORE_PERP,perpendicularity,,,0.1317,0.0,,,0.15,mm,QE-Nguyen,2024-03-10
INS-GDT-00206,MMB-0019,LOT-202,SUP-003,OUTER_PROFILE,profile,,,0.2126,0.0,,,0.3,mm,QE-Nguyen,2024-03-10
INS-GDT-00207,MMB-0019,LOT-202,SUP-003,HOLE_DIAMETER,diameter,,,4.9974,5.0,,,0.05,mm,QE-Nguyen,2024-03-10
INS-GDT-00208,MMB-0019,LOT-202,SUP-003,SLOT_WIDTH,width,,,7.996,8.0,,,0.1,mm,QE-Nguyen,2024-03-10
INS-GDT-00209,MMB-0019,LOT-202,SUP-003,BRACKET_THICKNESS,thickness,,,6.0065,6.0,,,0.1,mm,QE-Nguyen,2024-03-10
INS-GDT-00210,MMB-0020,LOT-202,SUP-003,HOLE_1_POSITION,position,20.1174,20.0202,0.2383,,20.0,20.0,0.2,mm,QE-Nguyen,2024-03-10
INS-GDT-00211,MMB-0020,LOT-202,SUP-003,HOLE_2_POSITION,position,80.0455,19.9899,0.0932,,80.0,20.0,0.2,mm,QE-Nguyen,2024-03-10
INS-GDT-00212,MMB-0020,LOT-202,SUP-003,HOLE_3_POSITION,position,20.0024,60.0259,0.052,,20.0,60.0,0.2,mm,QE-Nguyen,2024-03-10
INS-GDT-00213,MMB-0020,LOT-202,SUP-003,HOLE_4_POSITION,position,80.0076,59.8862,0.2282,,80.0,60.0,0.2,mm,QE-Nguyen,2024-03-10
INS-GDT-00214,MMB-0020,LOT-202,SUP-003,MOUNTING_FACE_FLATNESS,flatness,,,0.0442,0.0,,,0.05,mm,QE-Nguyen,2024-03-10
INS-GDT-00215,MMB-0020,LOT-202,SUP-003,OPP_FACE_PARALLELISM,parallelism,,,0.0365,0.0,,,0.1,mm,QE-Nguyen,2024-03-10
INS-GDT-00216,MMB-0020,LOT-202,SUP-003,MOTOR_BORE_PERP,perpendicularity,,,0.1545,0.0,,,0.15,mm,QE-Nguyen,2024-03-10
INS-GDT-00217,MMB-0020,LOT-202,SUP-003,OUTER_PROFILE,profile,,,0.1681,0.0,,,0.3,mm,QE-Nguyen,2024-03-10
INS-GDT-00218,MMB-0020,LOT-202,SUP-003,HOLE_DIAMETER,diameter,,,5.0014,5.0,,,0.05,mm,QE-Nguyen,2024-03-10
INS-GDT-00219,MMB-0020,LOT-202,SUP-003,SLOT_WIDTH,width,,,8.0232,8.0,,,0.1,mm,QE-Nguyen,2024-03-10
INS-GDT-00220,MMB-0020,LOT-202,SUP-003,BRACKET_THICKNESS,thickness,,,6.0023,6.0,,,0.1,mm,QE-Nguyen,2024-03-10
INS-GDT-00221,MMB-0021,LOT-203,SUP-003,HOLE_1_POSITION,position,19.9164,19.8915,0.274,,20.0,20.0,0.2,mm,QE-Patel,2024-04-05
INS-GDT-00222,MMB-0021,LOT-203,SUP-003,HOLE_2_POSITION,position,79.9319,19.8416,0.3449,,80.0,20.0,0.2,mm,QE-Patel,2024-04-05
INS-GDT-00223,MMB-0021,LOT-203,SUP-003,HOLE_3_POSITION,position,20.011,59.957,0.0888,,20.0,60.0,0.2,mm,QE-Patel,2024-04-05
INS-GDT-00224,MMB-0021,LOT-203,SUP-003,HOLE_4_POSITION,position,80.1845,59.8063,0.535,,80.0,60.0,0.2,mm,QE-Patel,2024-04-05
INS-GDT-00225,MMB-0021,LOT-203,SUP-003,MOUNTING_FACE_FLATNESS,flatness,,,0.1208,0.0,,,0.05,mm,QE-Patel,2024-04-05
INS-GDT-00226,MMB-0021,LOT-203,SUP-003,OPP_FACE_PARALLELISM,parallelism,,,0.0639,0.0,,,0.1,mm,QE-Patel,2024-04-05
INS-GDT-00227,MMB-0021,LOT-203,SUP-003,MOTOR_BORE_PERP,perpendicularity,,,0.0512,0.0,,,0.15,mm,QE-Patel,2024-04-05
INS-GDT-00228,MMB-0021,LOT-203,SUP-003,OUTER_PROFILE,profile,,,0.1557,0.0,,,0.3,mm,QE-Patel,2024-04-05
INS-GDT-00229,MMB-0021,LOT-203,SUP-003,HOLE_DIAMETER,diameter,,,5.0976,5.0,,,0.05,mm,QE-Patel,2024-04-05
INS-GDT-00230,MMB-0021,LOT-203,SUP-003,SLOT_WIDTH,width,,,8.022,8.0,,,0.1,mm,QE-Patel,2024-04-05
INS-GDT-00231,MMB-0021,LOT-203,SUP-003,BRACKET_THICKNESS,thickness,,,6.0456,6.0,,,0.1,mm,QE-Patel,2024-04-05
INS-GDT-00232,MMB-0022,LOT-203,SUP-003,HOLE_1_POSITION,position,19.977,19.9887,0.0512,,20.0,20.0,0.2,mm,QE-Patel,2024-04-05
INS-GDT-00233,MMB-0022,LOT-203,SUP-003,HOLE_2_POSITION,position,79.9368,20.0063,0.1271,,80.0,20.0,0.2,mm,QE-Patel,2024-04-05
INS-GDT-00234,MMB-0022,LOT-203,SUP-003,HOLE_3_POSITION,position,20.0495,60.1678,0.3499,,20.0,60.0,0.2,mm,QE-Patel,2024-04-05
INS-GDT-00235,MMB-0022,LOT-203,SUP-003,HOLE_4_POSITION,position,79.7188,60.2416,0.7415,,80.0,60.0,0.2,mm,QE-Patel,2024-04-05
INS-GDT-00236,MMB-0022,LOT-203,SUP-003,MOUNTING_FACE_FLATNESS,flatness,,,0.0823,0.0,,,0.05,mm,QE-Patel,2024-04-05
INS-GDT-00237,MMB-0022,LOT-203,SUP-003,OPP_FACE_PARALLELISM,parallelism,,,0.1099,0.0,,,0.1,mm,QE-Patel,2024-04-05
INS-GDT-00238,MMB-0022,LOT-203,SUP-003,MOTOR_BORE_PERP,perpendicularity,,,0.1202,0.0,,,0.15,mm,QE-Patel,2024-04-05
INS-GDT-00239,MMB-0022,LOT-203,SUP-003,OUTER_PROFILE,profile,,,0.4826,0.0,,,0.3,mm,QE-Patel,2024-04-05
INS-GDT-00240,MMB-0022,LOT-203,SUP-003,HOLE_DIAMETER,diameter,,,5.0114,5.0,,,0.05,mm,QE-Patel,2024-04-05
INS-GDT-00241,MMB-0022,LOT-203,SUP-003,SLOT_WIDTH,width,,,7.9099,8.0,,,0.1,mm,QE-Patel,2024-04-05
INS-GDT-00242,MMB-0022,LOT-203,SUP-003,BRACKET_THICKNESS,thickness,,,6.0352,6.0,,,0.1,mm,QE-Patel,2024-04-05
INS-GDT-00243,MMB-0023,LOT-203,SUP-003,HOLE_1_POSITION,position,20.143,20.1072,0.3576,,20.0,20.0,0.2,mm,QE-Patel,2024-04-05
INS-GDT-00244,MMB-0023,LOT-203,SUP-003,HOLE_2_POSITION,position,79.9216,19.8322,0.3703,,80.0,20.0,0.2,mm,QE-Patel,2024-04-05
INS-GDT-00245,MMB-0023,LOT-203,SUP-003,HOLE_3_POSITION,position,19.9674,60.3254,0.6541,,20.0,60.0,0.2,mm,QE-Patel,2024-04-05
INS-GDT-00246,MMB-0023,LOT-203,SUP-003,HOLE_4_POSITION,position,79.7683,59.8736,0.528,,80.0,60.0,0.2,mm,QE-Patel,2024-04-05
INS-GDT-00247,MMB-0023,LOT-203,SUP-003,MOUNTING_FACE_FLATNESS,flatness,,,0.0772,0.0,,,0.05,mm,QE-Patel,2024-04-05
INS-GDT-00248,MMB-0023,LOT-203,SUP-003,OPP_FACE_PARALLELISM,parallelism,,,0.1282,0.0,,,0.1,mm,QE-Patel,2024-04-05
INS-GDT-00249,MMB-0023,LOT-203,SUP-003,MOTOR_BORE_PERP,perpendicularity,,,0.155,0.0,,,0.15,mm,QE-Patel,2024-04-05
INS-GDT-00250,MMB-0023,LOT-203,SUP-003,OUTER_PROFILE,profile,,,0.6543,0.0,,,0.3,mm,QE-Patel,2024-04-05
INS-GDT-00251,MMB-0023,LOT-203,SUP-003,HOLE_DIAMETER,diameter,,,4.9573,5.0,,,0.05,mm,QE-Patel,2024-04-05
INS-GDT-00252,MMB-0023,LOT-203,SUP-003,SLOT_WIDTH,width,,,8.0239,8.0,,,0.1,mm,QE-Patel,2024-04-05
INS-GDT-00253,MMB-0023,LOT-203,SUP-003,BRACKET_THICKNESS,thickness,,,6.0251,6.0,,,0.1,mm,QE-Patel,2024-04-05
INS-GDT-00254,MMB-0024,LOT-203,SUP-003,HOLE_1_POSITION,position,19.8994,19.8199,0.4125,,20.0,20.0,0.2,mm,QE-Patel,2024-04-05
INS-GDT-00255,MMB-0024,LOT-203,SUP-003,HOLE_2_POSITION,position,80.0337,20.2267,0.4584,,80.0,20.0,0.2,mm,QE-Patel,2024-04-05
INS-GDT-00256,MMB-0024,LOT-203,SUP-003,HOLE_3_POSITION,position,20.0405,60.009,0.0829,,20.0,60.0,0.2,mm,QE-Patel,2024-04-05
INS-GDT-00257,MMB-0024,LOT-203,SUP-003,HOLE_4_POSITION,position,80.0124,59.9612,0.0814,,80.0,60.0,0.2,mm,QE-Patel,2024-04-05
INS-GDT-00258,MMB-0024,LOT-203,SUP-003,MOUNTING_FACE_FLATNESS,flatness,,,0.1069,0.0,,,0.05,mm,QE-Patel,2024-04-05
INS-GDT-00259,MMB-0024,LOT-203,SUP-003,OPP_FACE_PARALLELISM,parallelism,,,0.0996,0.0,,,0.1,mm,QE-Patel,2024-04-05
INS-GDT-00260,MMB-0024,LOT-203,SUP-003,MOTOR_BORE_PERP,perpendicularity,,,0.0393,0.0,,,0.15,mm,QE-Patel,2024-04-05
INS-GDT-00261,MMB-0024,LOT-203,SUP-003,OUTER_PROFILE,profile,,,0.0232,0.0,,,0.3,mm,QE-Patel,2024-04-05
INS-GDT-00262,MMB-0024,LOT-203,SUP-003,HOLE_DIAMETER,diameter,,,5.004,5.0,,,0.05,mm,QE-Patel,2024-04-05
INS-GDT-00263,MMB-0024,LOT-203,SUP-003,SLOT_WIDTH,width,,,8.1046,8.0,,,0.1,mm,QE-Patel,2024-04-05
INS-GDT-00264,MMB-0024,LOT-203,SUP-003,BRACKET_THICKNESS,thickness,,,6.0273,6.0,,,0.1,mm,QE-Patel,2024-04-05
INS-GDT-00265,MMB-0025,LOT-203,SUP-003,HOLE_1_POSITION,position,19.9603,20.0573,0.1394,,20.0,20.0,0.2,mm,QE-Patel,2024-04-05
INS-GDT-00266,MMB-0025,LOT-203,SUP-003,HOLE_2_POSITION,position,80.0233,20.1033,0.2117,,80.0,20.0,0.2,mm,QE-Patel,2024-04-05
INS-GDT-00267,MMB-0025,LOT-203,SUP-003,HOLE_3_POSITION,position,20.1327,59.9046,0.3268,,20.0,60.0,0.2,mm,QE-Patel,2024-04-05
INS-GDT-00268,MMB-0025,LOT-203,SUP-003,HOLE_4_POSITION,position,79.6491,59.9473,0.7098,,80.0,60.0,0.2,mm,QE-Patel,2024-04-05
INS-GDT-00269,MMB-0025,LOT-203,SUP-003,MOUNTING_FACE_FLATNESS,flatness,,,0.0243,0.0,,,0.05,mm,QE-Patel,2024-04-05
INS-GDT-00270,MMB-0025,LOT-203,SUP-003,OPP_FACE_PARALLELISM,parallelism,,,0.1999,0.0,,,0.1,mm,QE-Patel,2024-04-05
INS-GDT-00271,MMB-0025,LOT-203,SUP-003,MOTOR_BORE_PERP,perpendicularity,,,0.1026,0.0,,,0.15,mm,QE-Patel,2024-04-05
INS-GDT-00272,MMB-0025,LOT-203,SUP-003,OUTER_PROFILE,profile,,,0.0283,0.0,,,0.3,mm,QE-Patel,2024-04-05
INS-GDT-00273,MMB-0025,LOT-203,SUP-003,HOLE_DIAMETER,diameter,,,4.9713,5.0,,,0.05,mm,QE-Patel,2024-04-05
INS-GDT-00274,MMB-0025,LOT-203,SUP-003,SLOT_WIDTH,width,,,7.9131,8.0,,,0.1,mm,QE-Patel,2024-04-05
INS-GDT-00275,MMB-0025,LOT-203,SUP-003,BRACKET_THICKNESS,thickness,,,6.1119,6.0,,,0.1,mm,QE-Patel,2024-04-05
INS-GDT-00276,MMB-0026,LOT-203,SUP-003,HOLE_1_POSITION,position,20.059,20.0809,0.2003,,20.0,20.0,0.2,mm,QE-Patel,2024-04-05
INS-GDT-00277,MMB-0026,LOT-203,SUP-003,HOLE_2_POSITION,position,80.067,20.105,0.2492,,80.0,20.0,0.2,mm,QE-Patel,2024-04-05
INS-GDT-00278,MMB-0026,LOT-203,SUP-003,HOLE_3_POSITION,position,20.1133,59.946,0.2511,,20.0,60.0,0.2,mm,QE-Patel,2024-04-05
INS-GDT-00279,MMB-0026,LOT-203,SUP-003,HOLE_4_POSITION,position,79.787,59.873,0.496,,80.0,60.0,0.2,mm,QE-Patel,2024-04-05
INS-GDT-00280,MMB-0026,LOT-203,SUP-003,MOUNTING_FACE_FLATNESS,flatness,,,0.0608,0.0,,,0.05,mm,QE-Patel,2024-04-05
INS-GDT-00281,MMB-0026,LOT-203,SUP-003,OPP_FACE_PARALLELISM,parallelism,,,0.0548,0.0,,,0.1,mm,QE-Patel,2024-04-05
INS-GDT-00282,MMB-0026,LOT-203,SUP-003,MOTOR_BORE_PERP,perpendicularity,,,0.2893,0.0,,,0.15,mm,QE-Patel,2024-04-05
INS-GDT-00283,MMB-0026,LOT-203,SUP-003,OUTER_PROFILE,profile,,,0.0319,0.0,,,0.3,mm,QE-Patel,2024-04-05
INS-GDT-00284,MMB-0026,LOT-203,SUP-003,HOLE_DIAMETER,diameter,,,5.03,5.0,,,0.05,mm,QE-Patel,2024-04-05
INS-GDT-00285,MMB-0026,LOT-203,SUP-003,SLOT_WIDTH,width,,,8.0124,8.0,,,0.1,mm,QE-Patel,2024-04-05
INS-GDT-00286,MMB-0026,LOT-203,SUP-003,BRACKET_THICKNESS,thickness,,,6.0303,6.0,,,0.1,mm,QE-Patel,2024-04-05
INS-GDT-00287,MMB-0027,LOT-203,SUP-003,HOLE_1_POSITION,position,19.941,20.0272,0.1299,,20.0,20.0,0.2,mm,QE-Patel,2024-04-05
INS-GDT-00288,MMB-0027,LOT-203,SUP-003,HOLE_2_POSITION,position,79.941,19.9305,0.1823,,80.0,20.0,0.2,mm,QE-Patel,2024-04-05
INS-GDT-00289,MMB-0027,LOT-203,SUP-003,HOLE_3_POSITION,position,19.9103,60.1526,0.354,,20.0,60.0,0.2,mm,QE-Patel,2024-04-05
INS-GDT-00290,MMB-0027,LOT-203,SUP-003,HOLE_4_POSITION,position,80.055,60.0314,0.1268,,80.0,60.0,0.2,mm,QE-Patel,2024-04-05
INS-GDT-00291,MMB-0027,LOT-203,SUP-003,MOUNTING_FACE_FLATNESS,flatness,,,0.0297,0.0,,,0.05,mm,QE-Patel,2024-04-05
INS-GDT-00292,MMB-0027,LOT-203,SUP-003,OPP_FACE_PARALLELISM,parallelism,,,0.1199,0.0,,,0.1,mm,QE-Patel,2024-04-05
INS-GDT-00293,MMB-0027,LOT-203,SUP-003,MOTOR_BORE_PERP,perpendicularity,,,0.0763,0.0,,,0.15,mm,QE-Patel,2024-04-05
INS-GDT-00294,MMB-0027,LOT-203,SUP-003,OUTER_PROFILE,profile,,,0.214,0.0,,,0.3,mm,QE-Patel,2024-04-05
INS-GDT-00295,MMB-0027,LOT-203,SUP-003,HOLE_DIAMETER,diameter,,,4.9395,5.0,,,0.05,mm,QE-Patel,2024-04-05
INS-GDT-00296,MMB-0027,LOT-203,SUP-003,SLOT_WIDTH,width,,,8.1442,8.0,,,0.1,mm,QE-Patel,2024-04-05
INS-GDT-00297,MMB-0027,LOT-203,SUP-003,BRACKET_THICKNESS,thickness,,,5.9652,6.0,,,0.1,mm,QE-Patel,2024-04-05
INS-GDT-00298,MMB-0028,LOT-203,SUP-003,HOLE_1_POSITION,position,19.8906,19.8343,0.3971,,20.0,20.0,0.2,mm,QE-Patel,2024-04-05
INS-GDT-00299,MMB-0028,LOT-203,SUP-003,HOLE_2_POSITION,position,79.9036,19.9381,0.2291,,80.0,20.0,0.2,mm,QE-Patel,2024-04-05
INS-GDT-00300,MMB-0028,LOT-203,SUP-003,HOLE_3_POSITION,position,19.9951,59.9355,0.1294,,20.0,60.0,0.2,mm,QE-Patel,2024-04-05
INS-GDT-00301,MMB-0028,LOT-203,SUP-003,HOLE_4_POSITION,position,79.7599,59.7728,0.6611,,80.0,60.0,0.2,mm,QE-Patel,2024-04-05
INS-GDT-00302,MMB-0028,LOT-203,SUP-003,MOUNTING_FACE_FLATNESS,flatness,,,0.088,0.0,,,0.05,mm,QE-Patel,2024-04-05
INS-GDT-00303,MMB-0028,LOT-203,SUP-003,OPP_FACE_PARALLELISM,parallelism,,,0.1283,0.0,,,0.1,mm,QE-Patel,2024-04-05
INS-GDT-00304,MMB-0028,LOT-203,SUP-003,MOTOR_BORE_PERP,perpendicularity,,,0.2399,0.0,,,0.15,mm,QE-Patel,2024-04-05
INS-GDT-00305,MMB-0028,LOT-203,SUP-003,OUTER_PROFILE,profile,,,0.4365,0.0,,,0.3,mm,QE-Patel,2024-04-05
INS-GDT-00306,MMB-0028,LOT-203,SUP-003,HOLE_DIAMETER,diameter,,,5.0076,5.0,,,0.05,mm,QE-Patel,2024-04-05
INS-GDT-00307,MMB-0028,LOT-203,SUP-003,SLOT_WIDTH,width,,,7.9326,8.0,,,0.1,mm,QE-Patel,2024-04-05
INS-GDT-00308,MMB-0028,LOT-203,SUP-003,BRACKET_THICKNESS,thickness,,,6.0243,6.0,,,0.1,mm,QE-Patel,2024-04-05
INS-GDT-00309,MMB-0029,LOT-203,SUP-003,HOLE_1_POSITION,position,20.1749,19.9441,0.3673,,20.0,20.0,0.2,mm,QE-Patel,2024-04-05
INS-GDT-00310,MMB-0029,LOT-203,SUP-003,HOLE_2_POSITION,position,80.0426,19.9983,0.0852,,80.0,20.0,0.2,mm,QE-Patel,2024-04-05
INS-GDT-00311,MMB-0029,LOT-203,SUP-003,HOLE_3_POSITION,position,20.1372,59.9322,0.3061,,20.0,60.0,0.2,mm,QE-Patel,2024-04-05
INS-GDT-00312,MMB-0029,LOT-203,SUP-003,HOLE_4_POSITION,position,80.173,59.9437,0.3639,,80.0,60.0,0.2,mm,QE-Patel,2024-04-05
INS-GDT-00313,MMB-0029,LOT-203,SUP-003,MOUNTING_FACE_FLATNESS,flatness,,,0.0365,0.0,,,0.05,mm,QE-Patel,2024-04-05
INS-GDT-00314,MMB-0029,LOT-203,SUP-003,OPP_FACE_PARALLELISM,parallelism,,,0.1457,0.0,,,0.1,mm,QE-Patel,2024-04-05
INS-GDT-00315,MMB-0029,LOT-203,SUP-003,MOTOR_BORE_PERP,perpendicularity,,,0.2092,0.0,,,0.15,mm,QE-Patel,2024-04-05
INS-GDT-00316,MMB-0029,LOT-203,SUP-003,OUTER_PROFILE,profile,,,0.6345,0.0,,,0.3,mm,QE-Patel,2024-04-05
INS-GDT-00317,MMB-0029,LOT-203,SUP-003,HOLE_DIAMETER,diameter,,,5.016,5.0,,,0.05,mm,QE-Patel,2024-04-05
INS-GDT-00318,MMB-0029,LOT-203,SUP-003,SLOT_WIDTH,width,,,8.0395,8.0,,,0.1,mm,QE-Patel,2024-04-05
INS-GDT-00319,MMB-0029,LOT-203,SUP-003,BRACKET_THICKNESS,thickness,,,6.1123,6.0,,,0.1,mm,QE-Patel,2024-04-05
INS-GDT-00320,MMB-0030,LOT-203,SUP-003,HOLE_1_POSITION,position,20.0751,19.9195,0.2203,,20.0,20.0,0.2,mm,QE-Patel,2024-04-05
INS-GDT-00321,MMB-0030,LOT-203,SUP-003,HOLE_2_POSITION,position,80.1695,19.9075,0.3861,,80.0,20.0,0.2,mm,QE-Patel,2024-04-05
INS-GDT-00322,MMB-0030,LOT-203,SUP-003,HOLE_3_POSITION,position,19.9351,59.9151,0.2137,,20.0,60.0,0.2,mm,QE-Patel,2024-04-05
INS-GDT-00323,MMB-0030,LOT-203,SUP-003,HOLE_4_POSITION,position,79.8596,60.05,0.2981,,80.0,60.0,0.2,mm,QE-Patel,2024-04-05
INS-GDT-00324,MMB-0030,LOT-203,SUP-003,MOUNTING_FACE_FLATNESS,flatness,,,0.0528,0.0,,,0.05,mm,QE-Patel,2024-04-05
INS-GDT-00325,MMB-0030,LOT-203,SUP-003,OPP_FACE_PARALLELISM,parallelism,,,0.1234,0.0,,,0.1,mm,QE-Patel,2024-04-05
INS-GDT-00326,MMB-0030,LOT-203,SUP-003,MOTOR_BORE_PERP,perpendicularity,,,0.1482,0.0,,,0.15,mm,QE-Patel,2024-04-05
INS-GDT-00327,MMB-0030,LOT-203,SUP-003,OUTER_PROFILE,profile,,,0.2094,0.0,,,0.3,mm,QE-Patel,2024-04-05
INS-GDT-00328,MMB-0030,LOT-203,SUP-003,HOLE_DIAMETER,diameter,,,5.0446,5.0,,,0.05,mm,QE-Patel,2024-04-05
INS-GDT-00329,MMB-0030,LOT-203,SUP-003,SLOT_WIDTH,width,,,7.9828,8.0,,,0.1,mm,QE-Patel,2024-04-05
INS-GDT-00330,MMB-0030,LOT-203,SUP-003,BRACKET_THICKNESS,thickness,,,6.1712,6.0,,,0.1,mm,QE-Patel,2024-04-05
INS-GDT-00331,MMB-0031,LOT-204,SUP-003,HOLE_1_POSITION,position,20.0323,20.0684,0.1513,,20.0,20.0,0.2,mm,QE-Nguyen,2024-05-20
INS-GDT-00332,MMB-0031,LOT-204,SUP-003,HOLE_2_POSITION,position,79.9518,20.0343,0.1184,,80.0,20.0,0.2,mm,QE-Nguyen,2024-05-20
INS-GDT-00333,MMB-0031,LOT-204,SUP-003,HOLE_3_POSITION,position,20.0423,59.9297,0.1642,,20.0,60.0,0.2,mm,QE-Nguyen,2024-05-20
INS-GDT-00334,MMB-0031,LOT-204,SUP-003,HOLE_4_POSITION,position,79.929,59.8776,0.2829,,80.0,60.0,0.2,mm,QE-Nguyen,2024-05-20
INS-GDT-00335,MMB-0031,LOT-204,SUP-003,MOUNTING_FACE_FLATNESS,flatness,,,0.021,0.0,,,0.05,mm,QE-Nguyen,2024-05-20
INS-GDT-00336,MMB-0031,LOT-204,SUP-003,OPP_FACE_PARALLELISM,parallelism,,,0.0765,0.0,,,0.1,mm,QE-Nguyen,2024-05-20
INS-GDT-00337,MMB-0031,LOT-204,SUP-003,MOTOR_BORE_PERP,perpendicularity,,,0.1301,0.0,,,0.15,mm,QE-Nguyen,2024-05-20
INS-GDT-00338,MMB-0031,LOT-204,SUP-003,OUTER_PROFILE,profile,,,0.1252,0.0,,,0.3,mm,QE-Nguyen,2024-05-20
INS-GDT-00339,MMB-0031,LOT-204,SUP-003,HOLE_DIAMETER,diameter,,,5.0326,5.0,,,0.05,mm,QE-Nguyen,2024-05-20
INS-GDT-00340,MMB-0031,LOT-204,SUP-003,SLOT_WIDTH,width,,,7.9686,8.0,,,0.1,mm,QE-Nguyen,2024-05-20
INS-GDT-00341,MMB-0031,LOT-204,SUP-003,BRACKET_THICKNESS,thickness,,,5.9624,6.0,,,0.1,mm,QE-Nguyen,2024-05-20
INS-GDT-00342,MMB-0032,LOT-204,SUP-003,HOLE_1_POSITION,position,19.9972,20.0192,0.0388,,20.0,20.0,0.2,mm,QE-Nguyen,2024-05-20
INS-GDT-00343,MMB-0032,LOT-204,SUP-003,HOLE_2_POSITION,position,79.9984,19.8966,0.2068,,80.0,20.0,0.2,mm,QE-Nguyen,2024-05-20
INS-GDT-00344,MMB-0032,LOT-204,SUP-003,HOLE_3_POSITION,position,19.9964,59.9478,0.1046,,20.0,60.0,0.2,mm,QE-Nguyen,2024-05-20
INS-GDT-00345,MMB-0032,LOT-204,SUP-003,HOLE_4_POSITION,position,80.0402,60.022,0.0916,,80.0,60.0,0.2,mm,QE-Nguyen,2024-05-20
INS-GDT-00346,MMB-0032,LOT-204,SUP-003,MOUNTING_FACE_FLATNESS,flatness,,,0.0109,0.0,,,0.05,mm,QE-Nguyen,2024-05-20
INS-GDT-00347,MMB-0032,LOT-204,SUP-003,OPP_FACE_PARALLELISM,parallelism,,,0.0396,0.0,,,0.1,mm,QE-Nguyen,2024-05-20
INS-GDT-00348,MMB-0032,LOT-204,SUP-003,MOTOR_BORE_PERP,perpendicularity,,,0.0276,0.0,,,0.15,mm,QE-Nguyen,2024-05-20
INS-GDT-00349,MMB-0032,LOT-204,SUP-003,OUTER_PROFILE,profile,,,0.1156,0.0,,,0.3,mm,QE-Nguyen,2024-05-20
INS-GDT-00350,MMB-0032,LOT-204,SUP-003,HOLE_DIAMETER,diameter,,,5.0191,5.0,,,0.05,mm,QE-Nguyen,2024-05-20
INS-GDT-00351,MMB-0032,LOT-204,SUP-003,SLOT_WIDTH,width,,,7.9804,8.0,,,0.1,mm,QE-Nguyen,2024-05-20
INS-GDT-00352,MMB-0032,LOT-204,SUP-003,BRACKET_THICKNESS,thickness,,,6.0176,6.0,,,0.1,mm,QE-Nguyen,2024-05-20
INS-GDT-00353,MMB-0033,LOT-204,SUP-003,HOLE_1_POSITION,position,19.9735,19.9604,0.0954,,20.0,20.0,0.2,mm,QE-Nguyen,2024-05-20
INS-GDT-00354,MMB-0033,LOT-204,SUP-003,HOLE_2_POSITION,position,79.9946,19.9482,0.1041,,80.0,20.0,0.2,mm,QE-Nguyen,2024-05-20
INS-GDT-00355,MMB-0033,LOT-204,SUP-003,HOLE_3_POSITION,position,19.9779,59.9521,0.1056,,20.0,60.0,0.2,mm,QE-Nguyen,2024-05-20
INS-GDT-00356,MMB-0033,LOT-204,SUP-003,HOLE_4_POSITION,position,80.1179,60.0021,0.2358,,80.0,60.0,0.2,mm,QE-Nguyen,2024-05-20
INS-GDT-00357,MMB-0033,LOT-204,SUP-003,MOUNTING_FACE_FLATNESS,flatness,,,0.0145,0.0,,,0.05,mm,QE-Nguyen,2024-05-20
INS-GDT-00358,MMB-0033,LOT-204,SUP-003,OPP_FACE_PARALLELISM,parallelism,,,0.0614,0.0,,,0.1,mm,QE-Nguyen,2024-05-20
INS-GDT-00359,MMB-0033,LOT-204,SUP-003,MOTOR_BORE_PERP,perpendicularity,,,0.0655,0.0,,,0.15,mm,QE-Nguyen,2024-05-20
INS-GDT-00360,MMB-0033,LOT-204,SUP-003,OUTER_PROFILE,profile,,,0.1045,0.0,,,0.3,mm,QE-Nguyen,2024-05-20
INS-GDT-00361,MMB-0033,LOT-204,SUP-003,HOLE_DIAMETER,diameter,,,5.0123,5.0,,,0.05,mm,QE-Nguyen,2024-05-20
INS-GDT-00362,MMB-0033,LOT-204,SUP-003,SLOT_WIDTH,width,,,8.0327,8.0,,,0.1,mm,QE-Nguyen,2024-05-20
INS-GDT-00363,MMB-0033,LOT-204,SUP-003,BRACKET_THICKNESS,thickness,,,5.9917,6.0,,,0.1,mm,QE-Nguyen,2024-05-20
INS-GDT-00364,MMB-0034,LOT-204,SUP-003,HOLE_1_POSITION,position,19.9712,19.9862,0.0638,,20.0,20.0,0.2,mm,QE-Nguyen,2024-05-20
INS-GDT-00365,MMB-0034,LOT-204,SUP-003,HOLE_2_POSITION,position,79.8849,19.9242,0.2756,,80.0,20.0,0.2,mm,QE-Nguyen,2024-05-20
INS-GDT-00366,MMB-0034,LOT-204,SUP-003,HOLE_3_POSITION,position,20.0547,60.0658,0.1711,,20.0,60.0,0.2,mm,QE-Nguyen,2024-05-20
INS-GDT-00367,MMB-0034,LOT-204,SUP-003,HOLE_4_POSITION,position,79.9851,60.0346,0.0754,,80.0,60.0,0.2,mm,QE-Nguyen,2024-05-20
INS-GDT-00368,MMB-0034,LOT-204,SUP-003,MOUNTING_FACE_FLATNESS,flatness,,,0.0297,0.0,,,0.05,mm,QE-Nguyen,2024-05-20
INS-GDT-00369,MMB-0034,LOT-204,SUP-003,OPP_FACE_PARALLELISM,parallelism,,,0.1474,0.0,,,0.1,mm,QE-Nguyen,2024-05-20
INS-GDT-00370,MMB-0034,LOT-204,SUP-003,MOTOR_BORE_PERP,perpendicularity,,,0.1148,0.0,,,0.15,mm,QE-Nguyen,2024-05-20
INS-GDT-00371,MMB-0034,LOT-204,SUP-003,OUTER_PROFILE,profile,,,0.111,0.0,,,0.3,mm,QE-Nguyen,2024-05-20
INS-GDT-00372,MMB-0034,LOT-204,SUP-003,HOLE_DIAMETER,diameter,,,4.9809,5.0,,,0.05,mm,QE-Nguyen,2024-05-20
INS-GDT-00373,MMB-0034,LOT-204,SUP-003,SLOT_WIDTH,width,,,7.9618,8.0,,,0.1,mm,QE-Nguyen,2024-05-20
INS-GDT-00374,MMB-0034,LOT-204,SUP-003,BRACKET_THICKNESS,thickness,,,6.0101,6.0,,,0.1,mm,QE-Nguyen,2024-05-20
INS-GDT-00375,MMB-0035,LOT-204,SUP-003,HOLE_1_POSITION,position,19.9622,19.9289,0.1611,,20.0,20.0,0.2,mm,QE-Nguyen,2024-05-20
INS-GDT-00376,MMB-0035,LOT-204,SUP-003,HOLE_2_POSITION,position,79.9677,19.9459,0.126,,80.0,20.0,0.2,mm,QE-Nguyen,2024-05-20
INS-GDT-00377,MMB-0035,LOT-204,SUP-003,HOLE_3_POSITION,position,20.0675,60.0353,0.1523,,20.0,60.0,0.2,mm,QE-Nguyen,2024-05-20
INS-GDT-00378,MMB-0035,LOT-204,SUP-003,HOLE_4_POSITION,position,79.9995,60.0888,0.1776,,80.0,60.0,0.2,mm,QE-Nguyen,2024-05-20
INS-GDT-00379,MMB-0035,LOT-204,SUP-003,MOUNTING_FACE_FLATNESS,flatness,,,0.0262,0.0,,,0.05,mm,QE-Nguyen,2024-05-20
INS-GDT-00380,MMB-0035,LOT-204,SUP-003,OPP_FACE_PARALLELISM,parallelism,,,0.0292,0.0,,,0.1,mm,QE-Nguyen,2024-05-20
INS-GDT-00381,MMB-0035,LOT-204,SUP-003,MOTOR_BORE_PERP,perpendicularity,,,0.1309,0.0,,,0.15,mm,QE-Nguyen,2024-05-20
INS-GDT-00382,MMB-0035,LOT-204,SUP-003,OUTER_PROFILE,profile,,,0.1577,0.0,,,0.3,mm,QE-Nguyen,2024-05-20
INS-GDT-00383,MMB-0035,LOT-204,SUP-003,HOLE_DIAMETER,diameter,,,4.9793,5.0,,,0.05,mm,QE-Nguyen,2024-05-20
INS-GDT-00384,MMB-0035,LOT-204,SUP-003,SLOT_WIDTH,width,,,8.0043,8.0,,,0.1,mm,QE-Nguyen,2024-05-20
INS-GDT-00385,MMB-0035,LOT-204,SUP-003,BRACKET_THICKNESS,thickness,,,5.9831,6.0,,,0.1,mm,QE-Nguyen,2024-05-20
INS-GDT-00386,MMB-0036,LOT-204,SUP-003,HOLE_1_POSITION,position,19.9309,20.0463,0.1664,,20.0,20.0,0.2,mm,QE-Nguyen,2024-05-20
INS-GDT-00387,MMB-0036,LOT-204,SUP-003,HOLE_2_POSITION,position,80.0955,19.9301,0.2367,,80.0,20.0,0.2,mm,QE-Nguyen,2024-05-20
INS-GDT-00388,MMB-0036,LOT-204,SUP-003,HOLE_3_POSITION,position,20.0225,59.974,0.0688,,20.0,60.0,0.2,mm,QE-Nguyen,2024-05-20
INS-GDT-00389,MMB-0036,LOT-204,SUP-003,HOLE_4_POSITION,position,79.9708,59.9645,0.092,,80.0,60.0,0.2,mm,QE-Nguyen,2024-05-20
INS-GDT-00390,MMB-0036,LOT-204,SUP-003,MOUNTING_FACE_FLATNESS,flatness,,,0.012,0.0,,,0.05,mm,QE-Nguyen,2024-05-20
INS-GDT-00391,MMB-0036,LOT-204,SUP-003,OPP_FACE_PARALLELISM,parallelism,,,0.0565,0.0,,,0.1,mm,QE-Nguyen,2024-05-20
INS-GDT-00392,MMB-0036,LOT-204,SUP-003,MOTOR_BORE_PERP,perpendicularity,,,0.0368,0.0,,,0.15,mm,QE-Nguyen,2024-05-20
INS-GDT-00393,MMB-0036,LOT-204,SUP-003,OUTER_PROFILE,profile,,,0.1389,0.0,,,0.3,mm,QE-Nguyen,2024-05-20
INS-GDT-00394,MMB-0036,LOT-204,SUP-003,HOLE_DIAMETER,diameter,,,4.999,5.0,,,0.05,mm,QE-Nguyen,2024-05-20
INS-GDT-00395,MMB-0036,LOT-204,SUP-003,SLOT_WIDTH,width,,,8.0028,8.0,,,0.1,mm,QE-Nguyen,2024-05-20
INS-GDT-00396,MMB-0036,LOT-204,SUP-003,BRACKET_THICKNESS,thickness,,,5.9823,6.0,,,0.1,mm,QE-Nguyen,2024-05-20
INS-GDT-00397,MMB-0037,LOT-204,SUP-003,HOLE_1_POSITION,position,19.9712,20.0378,0.095,,20.0,20.0,0.2,mm,QE-Nguyen,2024-05-20
INS-GDT-00398,MMB-0037,LOT-204,SUP-003,HOLE_2_POSITION,position,80.025,19.9511,0.1098,,80.0,20.0,0.2,mm,QE-Nguyen,2024-05-20
INS-GDT-00399,MMB-0037,LOT-204,SUP-003,HOLE_3_POSITION,position,20.004,60.0301,0.0606,,20.0,60.0,0.2,mm,QE-Nguyen,2024-05-20
INS-GDT-00400,MMB-0037,LOT-204,SUP-003,HOLE_4_POSITION,position,79.8998,60.0326,0.2107,,80.0,60.0,0.2,mm,QE-Nguyen,2024-05-20
INS-GDT-00401,MMB-0037,LOT-204,SUP-003,MOUNTING_FACE_FLATNESS,flatness,,,0.0151,0.0,,,0.05,mm,QE-Nguyen,2024-05-20
INS-GDT-00402,MMB-0037,LOT-204,SUP-003,OPP_FACE_PARALLELISM,parallelism,,,0.0721,0.0,,,0.1,mm,QE-Nguyen,2024-05-20
INS-GDT-00403,MMB-0037,LOT-204,SUP-003,MOTOR_BORE_PERP,perpendicularity,,,0.0395,0.0,,,0.15,mm,QE-Nguyen,2024-05-20
INS-GDT-00404,MMB-0037,LOT-204,SUP-003,OUTER_PROFILE,profile,,,0.0063,0.0,,,0.3,mm,QE-Nguyen,2024-05-20
INS-GDT-00405,MMB-0037,LOT-204,SUP-003,HOLE_DIAMETER,diameter,,,4.9674,5.0,,,0.05,mm,QE-Nguyen,2024-05-20
INS-GDT-00406,MMB-0037,LOT-204,SUP-003,SLOT_WIDTH,width,,,8.0114,8.0,,,0.1,mm,QE-Nguyen,2024-05-20
INS-GDT-00407,MMB-0037,LOT-204,SUP-003,BRACKET_THICKNESS,thickness,,,6.0115,6.0,,,0.1,mm,QE-Nguyen,2024-05-20
INS-GDT-00408,MMB-0038,LOT-204,SUP-003,HOLE_1_POSITION,position,19.9548,20.0319,0.1107,,20.0,20.0,0.2,mm,QE-Nguyen,2024-05-20
INS-GDT-00409,MMB-0038,LOT-204,SUP-003,HOLE_2_POSITION,position,79.9169,19.9967,0.1663,,80.0,20.0,0.2,mm,QE-Nguyen,2024-05-20
INS-GDT-00410,MMB-0038,LOT-204,SUP-003,HOLE_3_POSITION,position,19.9516,59.9739,0.11,,20.0,60.0,0.2,mm,QE-Nguyen,2024-05-20
INS-GDT-00411,MMB-0038,LOT-204,SUP-003,HOLE_4_POSITION,position,80.0028,59.9484,0.1034,,80.0,60.0,0.2,mm,QE-Nguyen,2024-05-20
INS-GDT-00412,MMB-0038,LOT-204,SUP-003,MOUNTING_FACE_FLATNESS,flatness,,,0.0192,0.0,,,0.05,mm,QE-Nguyen,2024-05-20
INS-GDT-00413,MMB-0038,LOT-204,SUP-003,OPP_FACE_PARALLELISM,parallelism,,,0.0852,0.0,,,0.1,mm,QE-Nguyen,2024-05-20
INS-GDT-00414,MMB-0038,LOT-204,SUP-003,MOTOR_BORE_PERP,perpendicularity,,,0.0469,0.0,,,0.15,mm,QE-Nguyen,2024-05-20
INS-GDT-00415,MMB-0038,LOT-204,SUP-003,OUTER_PROFILE,profile,,,0.1785,0.0,,,0.3,mm,QE-Nguyen,2024-05-20
INS-GDT-00416,MMB-0038,LOT-204,SUP-003,HOLE_DIAMETER,diameter,,,4.9774,5.0,,,0.05,mm,QE-Nguyen,2024-05-20
INS-GDT-00417,MMB-0038,LOT-204,SUP-003,SLOT_WIDTH,width,,,8.0259,8.0,,,0.1,mm,QE-Nguyen,2024-05-20
INS-GDT-00418,MMB-0038,LOT-204,SUP-003,BRACKET_THICKNESS,thickness,,,6.041,6.0,,,0.1,mm,QE-Nguyen,2024-05-20
INS-GDT-00419,MMB-0039,LOT-204,SUP-003,HOLE_1_POSITION,position,19.8764,19.9602,0.2597,,20.0,20.0,0.2,mm,QE-Nguyen,2024-05-20
INS-GDT-00420,MMB-0039,LOT-204,SUP-003,HOLE_2_POSITION,position,80.0289,19.9898,0.0612,,80.0,20.0,0.2,mm,QE-Nguyen,2024-05-20
INS-GDT-00421,MMB-0039,LOT-204,SUP-003,HOLE_3_POSITION,position,20.0148,59.9758,0.0567,,20.0,60.0,0.2,mm,QE-Nguyen,2024-05-20
INS-GDT-00422,MMB-0039,LOT-204,SUP-003,HOLE_4_POSITION,position,80.0052,59.9907,0.0214,,80.0,60.0,0.2,mm,QE-Nguyen,2024-05-20
INS-GDT-00423,MMB-0039,LOT-204,SUP-003,MOUNTING_FACE_FLATNESS,flatness,,,0.0425,0.0,,,0.05,mm,QE-Nguyen,2024-05-20
INS-GDT-00424,MMB-0039,LOT-204,SUP-003,OPP_FACE_PARALLELISM,parallelism,,,0.0626,0.0,,,0.1,mm,QE-Nguyen,2024-05-20
INS-GDT-00425,MMB-0039,LOT-204,SUP-003,MOTOR_BORE_PERP,perpendicularity,,,0.0835,0.0,,,0.15,mm,QE-Nguyen,2024-05-20
INS-GDT-00426,MMB-0039,LOT-204,SUP-003,OUTER_PROFILE,profile,,,0.0912,0.0,,,0.3,mm,QE-Nguyen,2024-05-20
INS-GDT-00427,MMB-0039,LOT-204,SUP-003,HOLE_DIAMETER,diameter,,,4.9902,5.0,,,0.05,mm,QE-Nguyen,2024-05-20
INS-GDT-00428,MMB-0039,LOT-204,SUP-003,SLOT_WIDTH,width,,,7.997,8.0,,,0.1,mm,QE-Nguyen,2024-05-20
INS-GDT-00429,MMB-0039,LOT-204,SUP-003,BRACKET_THICKNESS,thickness,,,6.0149,6.0,,,0.1,mm,QE-Nguyen,2024-05-20
INS-GDT-00430,MMB-0040,LOT-204,SUP-003,HOLE_1_POSITION,position,19.979,20.0145,0.0511,,20.0,20.0,0.2,mm,QE-Nguyen,2024-05-20
INS-GDT-00431,MMB-0040,LOT-204,SUP-003,HOLE_2_POSITION,position,80.1038,20.0436,0.2251,,80.0,20.0,0.2,mm,QE-Nguyen,2024-05-20
INS-GDT-00432,MMB-0040,LOT-204,SUP-003,HOLE_3_POSITION,position,19.987,60.048,0.0996,,20.0,60.0,0.2,mm,QE-Nguyen,2024-05-20
INS-GDT-00433,MMB-0040,LOT-204,SUP-003,HOLE_4_POSITION,position,79.9755,59.8777,0.2494,,80.0,60.0,0.2,mm,QE-Nguyen,2024-05-20
INS-GDT-00434,MMB-0040,LOT-204,SUP-003,MOUNTING_FACE_FLATNESS,flatness,,,0.0099,0.0,,,0.05,mm,QE-Nguyen,2024-05-20
INS-GDT-00435,MMB-0040,LOT-204,SUP-003,OPP_FACE_PARALLELISM,parallelism,,,0.0011,0.0,,,0.1,mm,QE-Nguyen,2024-05-20
INS-GDT-00436,MMB-0040,LOT-204,SUP-003,MOTOR_BORE_PERP,perpendicularity,,,0.0559,0.0,,,0.15,mm,QE-Nguyen,2024-05-20
INS-GDT-00437,MMB-0040,LOT-204,SUP-003,OUTER_PROFILE,profile,,,0.1213,0.0,,,0.3,mm,QE-Nguyen,2024-05-20
INS-GDT-00438,MMB-0040,LOT-204,SUP-003,HOLE_DIAMETER,diameter,,,5.0335,5.0,,,0.05,mm,QE-Nguyen,2024-05-20
INS-GDT-00439,MMB-0040,LOT-204,SUP-003,SLOT_WIDTH,width,,,8.0198,8.0,,,0.1,mm,QE-Nguyen,2024-05-20
INS-GDT-00440,MMB-0040,LOT-204,SUP-003,BRACKET_THICKNESS,thickness,,,5.9995,6.0,,,0.1,mm,QE-Nguyen,2024-05-20
INS-GDT-00441,MMB-0041,LOT-205,SUP-003,HOLE_1_POSITION,position,19.9626,20.0027,0.0749,,20.0,20.0,0.2,mm,QE-Nguyen,2024-06-18
INS-GDT-00442,MMB-0041,LOT-205,SUP-003,HOLE_2_POSITION,position,80.0121,19.9235,0.1549,,80.0,20.0,0.2,mm,QE-Nguyen,2024-06-18
INS-GDT-00443,MMB-0041,LOT-205,SUP-003,HOLE_3_POSITION,position,19.9253,59.9694,0.1614,,20.0,60.0,0.2,mm,QE-Nguyen,2024-06-18
INS-GDT-00444,MMB-0041,LOT-205,SUP-003,HOLE_4_POSITION,position,80.055,60.0654,0.1709,,80.0,60.0,0.2,mm,QE-Nguyen,2024-06-18
INS-GDT-00445,MMB-0041,LOT-205,SUP-003,MOUNTING_FACE_FLATNESS,flatness,,,0.0506,0.0,,,0.05,mm,QE-Nguyen,2024-06-18
INS-GDT-00446,MMB-0041,LOT-205,SUP-003,OPP_FACE_PARALLELISM,parallelism,,,0.054,0.0,,,0.1,mm,QE-Nguyen,2024-06-18
INS-GDT-00447,MMB-0041,LOT-205,SUP-003,MOTOR_BORE_PERP,perpendicularity,,,0.1031,0.0,,,0.15,mm,QE-Nguyen,2024-06-18
INS-GDT-00448,MMB-0041,LOT-205,SUP-003,OUTER_PROFILE,profile,,,0.1907,0.0,,,0.3,mm,QE-Nguyen,2024-06-18
INS-GDT-00449,MMB-0041,LOT-205,SUP-003,HOLE_DIAMETER,diameter,,,4.9901,5.0,,,0.05,mm,QE-Nguyen,2024-06-18
INS-GDT-00450,MMB-0041,LOT-205,SUP-003,SLOT_WIDTH,width,,,8.0216,8.0,,,0.1,mm,QE-Nguyen,2024-06-18
INS-GDT-00451,MMB-0041,LOT-205,SUP-003,BRACKET_THICKNESS,thickness,,,6.0215,6.0,,,0.1,mm,QE-Nguyen,2024-06-18
INS-GDT-00452,MMB-0042,LOT-205,SUP-003,HOLE_1_POSITION,position,19.9545,20.0821,0.1877,,20.0,20.0,0.2,mm,QE-Nguyen,2024-06-18
INS-GDT-00453,MMB-0042,LOT-205,SUP-003,HOLE_2_POSITION,position,79.9981,20.0044,0.0095,,80.0,20.0,0.2,mm,QE-Nguyen,2024-06-18
INS-GDT-00454,MMB-0042,LOT-205,SUP-003,HOLE_3_POSITION,position,19.9621,59.9688,0.0981,,20.0,60.0,0.2,mm,QE-Nguyen,2024-06-18
INS-GDT-00455,MMB-0042,LOT-205,SUP-003,HOLE_4_POSITION,position,79.8682,60.0033,0.2637,,80.0,60.0,0.2,mm,QE-Nguyen,2024-06-18
INS-GDT-00456,MMB-0042,LOT-205,SUP-003,MOUNTING_FACE_FLATNESS,flatness,,,0.0626,0.0,,,0.05,mm,QE-Nguyen,2024-06-18
INS-GDT-00457,MMB-0042,LOT-205,SUP-003,OPP_FACE_PARALLELISM,parallelism,,,0.0244,0.0,,,0.1,mm,QE-Nguyen,2024-06-18
INS-GDT-00458,MMB-0042,LOT-205,SUP-003,MOTOR_BORE_PERP,perpendicularity,,,0.189,0.0,,,0.15,mm,QE-Nguyen,2024-06-18
INS-GDT-00459,MMB-0042,LOT-205,SUP-003,OUTER_PROFILE,profile,,,0.219,0.0,,,0.3,mm,QE-Nguyen,2024-06-18
INS-GDT-00460,MMB-0042,LOT-205,SUP-003,HOLE_DIAMETER,diameter,,,4.9905,5.0,,,0.05,mm,QE-Nguyen,2024-06-18
INS-GDT-00461,MMB-0042,LOT-205,SUP-003,SLOT_WIDTH,width,,,8.0108,8.0,,,0.1,mm,QE-Nguyen,2024-06-18
INS-GDT-00462,MMB-0042,LOT-205,SUP-003,BRACKET_THICKNESS,thickness,,,6.0016,6.0,,,0.1,mm,QE-Nguyen,2024-06-18
INS-GDT-00463,MMB-0043,LOT-205,SUP-003,HOLE_1_POSITION,position,20.0853,20.0259,0.1783,,20.0,20.0,0.2,mm,QE-Nguyen,2024-06-18
INS-GDT-00464,MMB-0043,LOT-205,SUP-003,HOLE_2_POSITION,position,80.0591,20.0179,0.1235,,80.0,20.0,0.2,mm,QE-Nguyen,2024-06-18
INS-GDT-00465,MMB-0043,LOT-205,SUP-003,HOLE_3_POSITION,position,19.9955,60.0131,0.0276,,20.0,60.0,0.2,mm,QE-Nguyen,2024-06-18
INS-GDT-00466,MMB-0043,LOT-205,SUP-003,HOLE_4_POSITION,position,79.9756,59.9129,0.181,,80.0,60.0,0.2,mm,QE-Nguyen,2024-06-18
INS-GDT-00467,MMB-0043,LOT-205,SUP-003,MOUNTING_FACE_FLATNESS,flatness,,,0.0372,0.0,,,0.05,mm,QE-Nguyen,2024-06-18
INS-GDT-00468,MMB-0043,LOT-205,SUP-003,OPP_FACE_PARALLELISM,parallelism,,,0.01,0.0,,,0.1,mm,QE-Nguyen,2024-06-18
INS-GDT-00469,MMB-0043,LOT-205,SUP-003,MOTOR_BORE_PERP,perpendicularity,,,0.0592,0.0,,,0.15,mm,QE-Nguyen,2024-06-18
INS-GDT-00470,MMB-0043,LOT-205,SUP-003,OUTER_PROFILE,profile,,,0.0892,0.0,,,0.3,mm,QE-Nguyen,2024-06-18
INS-GDT-00471,MMB-0043,LOT-205,SUP-003,HOLE_DIAMETER,diameter,,,5.0129,5.0,,,0.05,mm,QE-Nguyen,2024-06-18
INS-GDT-00472,MMB-0043,LOT-205,SUP-003,SLOT_WIDTH,width,,,8.0569,8.0,,,0.1,mm,QE-Nguyen,2024-06-18
INS-GDT-00473,MMB-0043,LOT-205,SUP-003,BRACKET_THICKNESS,thickness,,,6.0351,6.0,,,0.1,mm,QE-Nguyen,2024-06-18
INS-GDT-00474,MMB-0044,LOT-205,SUP-003,HOLE_1_POSITION,position,20.0336,19.9685,0.0921,,20.0,20.0,0.2,mm,QE-Nguyen,2024-06-18
INS-GDT-00475,MMB-0044,LOT-205,SUP-003,HOLE_2_POSITION,position,79.9908,19.9835,0.0377,,80.0,20.0,0.2,mm,QE-Nguyen,2024-06-18
INS-GDT-00476,MMB-0044,LOT-205,SUP-003,HOLE_3_POSITION,position,19.9812,59.9839,0.0495,,20.0,60.0,0.2,mm,QE-Nguyen,2024-06-18
INS-GDT-00477,MMB-0044,LOT-205,SUP-003,HOLE_4_POSITION,position,79.9743,59.9716,0.0767,,80.0,60.0,0.2,mm,QE-Nguyen,2024-06-18
INS-GDT-00478,MMB-0044,LOT-205,SUP-003,MOUNTING_FACE_FLATNESS,flatness,,,0.0393,0.0,,,0.05,mm,QE-Nguyen,2024-06-18
INS-GDT-00479,MMB-0044,LOT-205,SUP-003,OPP_FACE_PARALLELISM,parallelism,,,0.0234,0.0,,,0.1,mm,QE-Nguyen,2024-06-18
INS-GDT-00480,MMB-0044,LOT-205,SUP-003,MOTOR_BORE_PERP,perpendicularity,,,0.0408,0.0,,,0.15,mm,QE-Nguyen,2024-06-18
INS-GDT-00481,MMB-0044,LOT-205,SUP-003,OUTER_PROFILE,profile,,,0.0092,0.0,,,0.3,mm,QE-Nguyen,2024-06-18
INS-GDT-00482,MMB-0044,LOT-205,SUP-003,HOLE_DIAMETER,diameter,,,5.0283,5.0,,,0.05,mm,QE-Nguyen,2024-06-18
INS-GDT-00483,MMB-0044,LOT-205,SUP-003,SLOT_WIDTH,width,,,7.9861,8.0,,,0.1,mm,QE-Nguyen,2024-06-18
INS-GDT-00484,MMB-0044,LOT-205,SUP-003,BRACKET_THICKNESS,thickness,,,6.0215,6.0,,,0.1,mm,QE-Nguyen,2024-06-18
INS-GDT-00485,MMB-0045,LOT-205,SUP-003,HOLE_1_POSITION,position,20.0238,20.0659,0.1402,,20.0,20.0,0.2,mm,QE-Nguyen,2024-06-18
INS-GDT-00486,MMB-0045,LOT-205,SUP-003,HOLE_2_POSITION,position,79.9895,19.9526,0.0971,,80.0,20.0,0.2,mm,QE-Nguyen,2024-06-18
INS-GDT-00487,MMB-0045,LOT-205,SUP-003,HOLE_3_POSITION,position,19.9378,59.8886,0.2552,,20.0,60.0,0.2,mm,QE-Nguyen,2024-06-18
INS-GDT-00488,MMB-0045,LOT-205,SUP-003,HOLE_4_POSITION,position,80.0097,60.0465,0.095,,80.0,60.0,0.2,mm,QE-Nguyen,2024-06-18
INS-GDT-00489,MMB-0045,LOT-205,SUP-003,MOUNTING_FACE_FLATNESS,flatness,,,0.0321,0.0,,,0.05,mm,QE-Nguyen,2024-06-18
INS-GDT-00490,MMB-0045,LOT-205,SUP-003,OPP_FACE_PARALLELISM,parallelism,,,0.0091,0.0,,,0.1,mm,QE-Nguyen,2024-06-18
INS-GDT-00491,MMB-0045,LOT-205,SUP-003,MOTOR_BORE_PERP,perpendicularity,,,0.1116,0.0,,,0.15,mm,QE-Nguyen,2024-06-18
INS-GDT-00492,MMB-0045,LOT-205,SUP-003,OUTER_PROFILE,profile,,,0.0711,0.0,,,0.3,mm,QE-Nguyen,2024-06-18
INS-GDT-00493,MMB-0045,LOT-205,SUP-003,HOLE_DIAMETER,diameter,,,4.9819,5.0,,,0.05,mm,QE-Nguyen,2024-06-18
INS-GDT-00494,MMB-0045,LOT-205,SUP-003,SLOT_WIDTH,width,,,7.9884,8.0,,,0.1,mm,QE-Nguyen,2024-06-18
INS-GDT-00495,MMB-0045,LOT-205,SUP-003,BRACKET_THICKNESS,thickness,,,6.007,6.0,,,0.1,mm,QE-Nguyen,2024-06-18
INS-GDT-00496,MMB-0046,LOT-205,SUP-003,HOLE_1_POSITION,position,19.9258,19.9981,0.1485,,20.0,20.0,0.2,mm,QE-Nguyen,2024-06-18
INS-GDT-00497,MMB-0046,LOT-205,SUP-003,HOLE_2_POSITION,position,80.0215,20.0554,0.1188,,80.0,20.0,0.2,mm,QE-Nguyen,2024-06-18
INS-GDT-00498,MMB-0046,LOT-205,SUP-003,HOLE_3_POSITION,position,20.007,59.9464,0.1081,,20.0,60.0,0.2,mm,QE-Nguyen,2024-06-18
INS-GDT-00499,MMB-0046,LOT-205,SUP-003,HOLE_4_POSITION,position,80.0089,59.9364,0.1285,,80.0,60.0,0.2,mm,QE-Nguyen,2024-06-18
INS-GDT-00500,MMB-0046,LOT-205,SUP-003,MOUNTING_FACE_FLATNESS,flatness,,,0.0082,0.0,,,0.05,mm,QE-Nguyen,2024-06-18
INS-GDT-00501,MMB-0046,LOT-205,SUP-003,OPP_FACE_PARALLELISM,parallelism,,,0.0141,0.0,,,0.1,mm,QE-Nguyen,2024-06-18
INS-GDT-00502,MMB-0046,LOT-205,SUP-003,MOTOR_BORE_PERP,perpendicularity,,,0.0065,0.0,,,0.15,mm,QE-Nguyen,2024-06-18
INS-GDT-00503,MMB-0046,LOT-205,SUP-003,OUTER_PROFILE,profile,,,0.0803,0.0,,,0.3,mm,QE-Nguyen,2024-06-18
INS-GDT-00504,MMB-0046,LOT-205,SUP-003,HOLE_DIAMETER,diameter,,,5.0226,5.0,,,0.05,mm,QE-Nguyen,2024-06-18
INS-GDT-00505,MMB-0046,LOT-205,SUP-003,SLOT_WIDTH,width,,,8.0777,8.0,,,0.1,mm,QE-Nguyen,2024-06-18
INS-GDT-00506,MMB-0046,LOT-205,SUP-003,BRACKET_THICKNESS,thickness,,,5.9907,6.0,,,0.1,mm,QE-Nguyen,2024-06-18
INS-GDT-00507,MMB-0047,LOT-205,SUP-003,HOLE_1_POSITION,position,20.0543,19.9803,0.1156,,20.0,20.0,0.2,mm,QE-Nguyen,2024-06-18
INS-GDT-00508,MMB-0047,LOT-205,SUP-003,HOLE_2_POSITION,position,79.9175,20.035,0.1793,,80.0,20.0,0.2,mm,QE-Nguyen,2024-06-18
INS-GDT-00509,MMB-0047,LOT-205,SUP-003,HOLE_3_POSITION,position,20.0094,60.0727,0.1466,,20.0,60.0,0.2,mm,QE-Nguyen,2024-06-18
INS-GDT-00510,MMB-0047,LOT-205,SUP-003,HOLE_4_POSITION,position,79.9079,60.1678,0.3827,,80.0,60.0,0.2,mm,QE-Nguyen,2024-06-18
INS-GDT-00511,MMB-0047,LOT-205,SUP-003,MOUNTING_FACE_FLATNESS,flatness,,,0.0489,0.0,,,0.05,mm,QE-Nguyen,2024-06-18
INS-GDT-00512,MMB-0047,LOT-205,SUP-003,OPP_FACE_PARALLELISM,parallelism,,,0.0545,0.0,,,0.1,mm,QE-Nguyen,2024-06-18
INS-GDT-00513,MMB-0047,LOT-205,SUP-003,MOTOR_BORE_PERP,perpendicularity,,,0.0581,0.0,,,0.15,mm,QE-Nguyen,2024-06-18
INS-GDT-00514,MMB-0047,LOT-205,SUP-003,OUTER_PROFILE,profile,,,0.0699,0.0,,,0.3,mm,QE-Nguyen,2024-06-18
INS-GDT-00515,MMB-0047,LOT-205,SUP-003,HOLE_DIAMETER,diameter,,,5.0022,5.0,,,0.05,mm,QE-Nguyen,2024-06-18
INS-GDT-00516,MMB-0047,LOT-205,SUP-003,SLOT_WIDTH,width,,,8.0045,8.0,,,0.1,mm,QE-Nguyen,2024-06-18
INS-GDT-00517,MMB-0047,LOT-205,SUP-003,BRACKET_THICKNESS,thickness,,,6.0178,6.0,,,0.1,mm,QE-Nguyen,2024-06-18
INS-GDT-00518,MMB-0048,LOT-205,SUP-003,HOLE_1_POSITION,position,19.9853,20.0707,0.1445,,20.0,20.0,0.2,mm,QE-Nguyen,2024-06-18
INS-GDT-00519,MMB-0048,LOT-205,SUP-003,HOLE_2_POSITION,position,80.0063,19.9872,0.0286,,80.0,20.0,0.2,mm,QE-Nguyen,2024-06-18
INS-GDT-00520,MMB-0048,LOT-205,SUP-003,HOLE_3_POSITION,position,20.041,59.9351,0.1535,,20.0,60.0,0.2,mm,QE-Nguyen,2024-06-18
INS-GDT-00521,MMB-0048,LOT-205,SUP-003,HOLE_4_POSITION,position,80.0205,60.0015,0.041,,80.0,60.0,0.2,mm,QE-Nguyen,2024-06-18
INS-GDT-00522,MMB-0048,LOT-205,SUP-003,MOUNTING_FACE_FLATNESS,flatness,,,0.0038,0.0,,,0.05,mm,QE-Nguyen,2024-06-18
INS-GDT-00523,MMB-0048,LOT-205,SUP-003,OPP_FACE_PARALLELISM,parallelism,,,0.0037,0.0,,,0.1,mm,QE-Nguyen,2024-06-18
INS-GDT-00524,MMB-0048,LOT-205,SUP-003,MOTOR_BORE_PERP,perpendicularity,,,0.1104,0.0,,,0.15,mm,QE-Nguyen,2024-06-18
INS-GDT-00525,MMB-0048,LOT-205,SUP-003,OUTER_PROFILE,profile,,,0.1874,0.0,,,0.3,mm,QE-Nguyen,2024-06-18
INS-GDT-00526,MMB-0048,LOT-205,SUP-003,HOLE_DIAMETER,diameter,,,5.0035,5.0,,,0.05,mm,QE-Nguyen,2024-06-18
INS-GDT-00527,MMB-0048,LOT-205,SUP-003,SLOT_WIDTH,width,,,8.0615,8.0,,,0.1,mm,QE-Nguyen,2024-06-18
INS-GDT-00528,MMB-0048,LOT-205,SUP-003,BRACKET_THICKNESS,thickness,,,6.016,6.0,,,0.1,mm,QE-Nguyen,2024-06-18
INS-GDT-00529,MMB-0049,LOT-205,SUP-003,HOLE_1_POSITION,position,20.0625,20.021,0.1319,,20.0,20.0,0.2,mm,QE-Nguyen,2024-06-18
INS-GDT-00530,MMB-0049,LOT-205,SUP-003,HOLE_2_POSITION,position,79.9862,19.9471,0.1093,,80.0,20.0,0.2,mm,QE-Nguyen,2024-06-18
INS-GDT-00531,MMB-0049,LOT-205,SUP-003,HOLE_3_POSITION,position,19.9759,59.9897,0.0525,,20.0,60.0,0.2,mm,QE-Nguyen,2024-06-18
INS-GDT-00532,MMB-0049,LOT-205,SUP-003,HOLE_4_POSITION,position,80.0818,60.0462,0.1879,,80.0,60.0,0.2,mm,QE-Nguyen,2024-06-18
INS-GDT-00533,MMB-0049,LOT-205,SUP-003,MOUNTING_FACE_FLATNESS,flatness,,,0.03,0.0,,,0.05,mm,QE-Nguyen,2024-06-18
INS-GDT-00534,MMB-0049,LOT-205,SUP-003,OPP_FACE_PARALLELISM,parallelism,,,0.0811,0.0,,,0.1,mm,QE-Nguyen,2024-06-18
INS-GDT-00535,MMB-0049,LOT-205,SUP-003,MOTOR_BORE_PERP,perpendicularity,,,0.0911,0.0,,,0.15,mm,QE-Nguyen,2024-06-18
INS-GDT-00536,MMB-0049,LOT-205,SUP-003,OUTER_PROFILE,profile,,,0.1383,0.0,,,0.3,mm,QE-Nguyen,2024-06-18
INS-GDT-00537,MMB-0049,LOT-205,SUP-003,HOLE_DIAMETER,diameter,,,4.97,5.0,,,0.05,mm,QE-Nguyen,2024-06-18
INS-GDT-00538,MMB-0049,LOT-205,SUP-003,SLOT_WIDTH,width,,,8.0442,8.0,,,0.1,mm,QE-Nguyen,2024-06-18
INS-GDT-00539,MMB-0049,LOT-205,SUP-003,BRACKET_THICKNESS,thickness,,,5.9935,6.0,,,0.1,mm,QE-Nguyen,2024-06-18
INS-GDT-00540,MMB-0050,LOT-205,SUP-003,HOLE_1_POSITION,position,20.0544,20.0593,0.1609,,20.0,20.0,0.2,mm,QE-Nguyen,2024-06-18
INS-GDT-00541,MMB-0050,LOT-205,SUP-003,HOLE_2_POSITION,position,79.9665,20.0475,0.1162,,80.0,20.0,0.2,mm,QE-Nguyen,2024-06-18
INS-GDT-00542,MMB-0050,LOT-205,SUP-003,HOLE_3_POSITION,position,19.9856,59.9858,0.0405,,20.0,60.0,0.2,mm,QE-Nguyen,2024-06-18
INS-GDT-00543,MMB-0050,LOT-205,SUP-003,HOLE_4_POSITION,position,80.0154,60.0171,0.046,,80.0,60.0,0.2,mm,QE-Nguyen,2024-06-18
INS-GDT-00544,MMB-0050,LOT-205,SUP-003,MOUNTING_FACE_FLATNESS,flatness,,,0.0256,0.0,,,0.05,mm,QE-Nguyen,2024-06-18
INS-GDT-00545,MMB-0050,LOT-205,SUP-003,OPP_FACE_PARALLELISM,parallelism,,,0.015,0.0,,,0.1,mm,QE-Nguyen,2024-06-18
INS-GDT-00546,MMB-0050,LOT-205,SUP-003,MOTOR_BORE_PERP,perpendicularity,,,0.0651,0.0,,,0.15,mm,QE-Nguyen,2024-06-18
INS-GDT-00547,MMB-0050,LOT-205,SUP-003,OUTER_PROFILE,profile,,,0.2795,0.0,,,0.3,mm,QE-Nguyen,2024-06-18
INS-GDT-00548,MMB-0050,LOT-205,SUP-003,HOLE_DIAMETER,diameter,,,4.9443,5.0,,,0.05,mm,QE-Nguyen,2024-06-18
INS-GDT-00549,MMB-0050,LOT-205,SUP-003,SLOT_WIDTH,width,,,8.0361,8.0,,,0.1,mm,QE-Nguyen,2024-06-18
INS-GDT-00550,MMB-0050,LOT-205,SUP-003,BRACKET_THICKNESS,thickness,,,6.0314,6.0,,,0.1,mm,QE-Nguyen,2024-06-18
